artist_key,artist_name,platform,canonical_url,evidence_sources,evidence_url,confidence,status,discovery_date,verification_date
"hupe","$HUPE","instagram","https://www.instagram.com/elshupee","verified_youtube_channel+channel_about_external_link","https://www.youtube.com/channel/UCSWOKeFomDMZp3pwnbDaP1A/about","95","verified","2026-08-16","2026-08-16"
"hupe","$HUPE","tiktok","https://www.tiktok.com/@el_shupee","verified_youtube_channel+channel_about_external_link","https://www.youtube.com/channel/UCSWOKeFomDMZp3pwnbDaP1A/about","95","verified","2026-08-16","2026-08-16"
"3ballmty","3BallMTY","facebook","https://www.facebook.com/3BallMTY","verified_youtube_channel+channel_about_external_link","https://www.youtube.com/channel/UCuybD64rCWFS0JApLGL2RVQ/about","95","verified","2026-08-16","2026-08-16"
"3ballmty","3BallMTY","instagram","https://www.instagram.com/3ballmtyoficial","verified_youtube_channel+channel_about_external_link","https://www.youtube.com/channel/UCuybD64rCWFS0JApLGL2RVQ/about","95","verified","2026-08-16","2026-08-16"
"3ballmty","3BallMTY","tiktok","https://www.tiktok.com/@3ballmtyoficial","verified_youtube_channel+channel_about_external_link","https://www.youtube.com/channel/UCuybD64rCWFS0JApLGL2RVQ/about","95","verified","2026-08-16","2026-08-16"
"3ballmty","3BallMTY","twitter","https://x.com/3ballmty","verified_musicbrainz_mapping+wikidata_social_identifier","http://www.wikidata.org/entity/Q4636221","95","verified","2026-08-16","2026-08-16"
"3ballmty","3BallMTY","twitter","https://twitter.com/3ballmty","verified_youtube_channel+channel_about_external_link","https://www.youtube.com/channel/UCuybD64rCWFS0JApLGL2RVQ/about","95","verified","2026-08-16","2026-08-16"
"aaron y su grupo ilusion","Aaron Y Su Grupo Ilusion","facebook","https://www.facebook.com/aaronysugrupoilusion.oficial","verified_youtube_channel+channel_about_external_link","https://www.youtube.com/channel/UCfxz6M7aqMV_GBXD8bOIoqQ/about","95","verified","2026-08-16","2026-08-16"
"aaron y su grupo ilusion","Aaron Y Su Grupo Ilusion","instagram","https://www.instagram.com/aaronysugrupoilusion.oficial","verified_youtube_channel+channel_about_external_link","https://www.youtube.com/channel/UCfxz6M7aqMV_GBXD8bOIoqQ/about","95","verified","2026-08-16","2026-08-16"
"abraham vazquez","Abraham Vazquez","facebook","https://www.facebook.com/abrahvzqz9","verified_youtube_channel+channel_about_external_link","https://www.youtube.com/channel/UCytg7C1HZmYSUuqa_vZdB6g/about","95","verified","2026-08-16","2026-08-16"
"abraham vazquez","Abraham Vazquez","instagram","https://instagram.com/abrahvzqz","verified_youtube_channel+channel_about_external_link","https://www.youtube.com/channel/UCytg7C1HZmYSUuqa_vZdB6g/about","95","verified","2026-08-16","2026-08-16"
"adan romero","Adan Romero","facebook","https://www.facebook.com/AdanRomeroOficial","verified_youtube_channel+channel_about_external_link","https://www.youtube.com/channel/UCmX42NyGOf_DZpuEMfdp5dw/about","95","verified","2026-08-16","2026-08-16"
"adan romero","Adan Romero","instagram","https://www.instagram.com/adanromerouno","verified_youtube_channel+channel_about_external_link","https://www.youtube.com/channel/UCmX42NyGOf_DZpuEMfdp5dw/about","95","verified","2026-08-16","2026-08-16"
"adan romero","Adan Romero","tiktok","https://www.tiktok.com/@adanromerooficial","verified_youtube_channel+channel_about_external_link","https://www.youtube.com/channel/UCmX42NyGOf_DZpuEMfdp5dw/about","95","verified","2026-08-16","2026-08-16"
"adrian l santos","Adrian L Santos","facebook","https://www.facebook.com/AdrianLSantos03","verified_youtube_channel+channel_about_external_link","https://www.youtube.com/channel/UCrHXzEmRE8yX_JLyd6C6Vlg/about","95","verified","2026-08-16","2026-08-16"
"adrian l santos","Adrian L Santos","instagram","https://www.instagram.com/adrianlsantos_oficial","verified_youtube_channel+channel_about_external_link","https://www.youtube.com/channel/UCrHXzEmRE8yX_JLyd6C6Vlg/about","95","verified","2026-08-16","2026-08-16"
"adriel favela","Adriel Favela","facebook","https://www.facebook.com/AdrielFavelaMusica","verified_youtube_channel+channel_about_external_link","https://www.youtube.com/channel/UClOeS4eR_7JnrYjiG-eqrTA/about","95","verified","2026-08-16","2026-08-16"
"adriel favela","Adriel Favela","instagram","https://www.instagram.com/adrielfavela","verified_spotify_mapping+wikidata_social_identifier+verified_youtube_identity_mapping+verified_youtube_channel+channel_about_external_link","http://www.wikidata.org/entity/Q124004759 | https://www.youtube.com/channel/UClOeS4eR_7JnrYjiG-eqrTA/about","95","verified","2026-08-16","2026-08-16"
"adriel favela","Adriel Favela","tiktok","https://www.tiktok.com/@adrielfavela","verified_youtube_channel+channel_about_external_link","https://www.youtube.com/channel/UClOeS4eR_7JnrYjiG-eqrTA/about","95","verified","2026-08-16","2026-08-16"
"aida cuevas","Aida Cuevas","facebook","https://www.facebook.com/AidaCuevasOficial","verified_musicbrainz_mapping+wikidata_social_identifier","http://www.wikidata.org/entity/Q2827769","95","verified","2026-08-16","2026-08-16"
"aida cuevas","Aida Cuevas","facebook","http://www.facebook.com/AidaCuevasOficial","verified_youtube_channel+channel_about_external_link","https://www.youtube.com/channel/UCSYYISFhfQ8loZ9Nj4-qqSQ/about","95","verified","2026-08-16","2026-08-16"
"aida cuevas","Aida Cuevas","instagram","https://www.instagram.com/aidacuevasoficial","verified_musicbrainz_mapping+wikidata_social_identifier","http://www.wikidata.org/entity/Q2827769","95","verified","2026-08-16","2026-08-16"
"aida cuevas","Aida Cuevas","instagram","http://www.instagram.com/AidaCuevasOficial","verified_youtube_channel+channel_about_external_link","https://www.youtube.com/channel/UCSYYISFhfQ8loZ9Nj4-qqSQ/about","95","verified","2026-08-16","2026-08-16"
"aida cuevas","Aida Cuevas","twitter","https://x.com/AidaCuevas","verified_musicbrainz_mapping+wikidata_social_identifier","http://www.wikidata.org/entity/Q2827769","95","verified","2026-08-16","2026-08-16"
"aida cuevas","Aida Cuevas","twitter","http://www.twitter.com/AidaCuevas","verified_youtube_channel+channel_about_external_link","https://www.youtube.com/channel/UCSYYISFhfQ8loZ9Nj4-qqSQ/about","95","verified","2026-08-16","2026-08-16"
"alacranes musical","Alacranes Musical","facebook","https://www.facebook.com/alacranesmusical","verified_youtube_channel+channel_about_external_link","https://www.youtube.com/channel/UCFY1ki-iBjcdt70zL7yh_ZQ/about","95","verified","2026-08-16","2026-08-16"
"alacranes musical","Alacranes Musical","instagram","https://www.instagram.com/alacranesmusical","verified_youtube_channel+channel_about_external_link","https://www.youtube.com/channel/UCFY1ki-iBjcdt70zL7yh_ZQ/about","95","verified","2026-08-16","2026-08-16"
"alamenos de la sierra","Alameños de la Sierra","facebook","https://www.facebook.com/140209022727969","verified_spotify_mapping+wikidata_social_identifier+verified_youtube_identity_mapping","http://www.wikidata.org/entity/Q101440425","95","verified","2026-08-16","2026-08-16"
"alamenos de la sierra","Alameños de la Sierra","facebook","https://www.facebook.com/fernandoalamenosdelasierra","verified_spotify_mapping+wikidata_social_identifier+verified_youtube_identity_mapping","http://www.wikidata.org/entity/Q101440425","95","verified","2026-08-16","2026-08-16"
"alamenos de la sierra","Alameños de la Sierra","instagram","https://www.instagram.com/alamenos_delasierra","verified_spotify_mapping+wikidata_social_identifier+verified_youtube_identity_mapping","http://www.wikidata.org/entity/Q101440425","95","verified","2026-08-16","2026-08-16"
"alan arrieta","Alan Arrieta","instagram","https://www.instagram.com/alan.arrieeta","verified_youtube_channel+channel_about_external_link","https://www.youtube.com/channel/UC3XhGWhQOb6FDhOu6NsSm4Q/about","95","verified","2026-08-16","2026-08-16"
"alan arrieta","Alan Arrieta","tiktok","https://www.tiktok.com/@alan.arrieeta","verified_youtube_channel+channel_about_external_link","https://www.youtube.com/channel/UC3XhGWhQOb6FDhOu6NsSm4Q/about","95","verified","2026-08-16","2026-08-16"
"alejandra guzman","Alejandra Guzman","instagram","https://www.instagram.com/laguzmanmx","verified_musicbrainz_mapping+wikidata_social_identifier+verified_spotify_mapping+verified_youtube_channel+channel_about_external_link","http://www.wikidata.org/entity/Q470152 | https://www.youtube.com/channel/UCuHEt7VkfYYY0_ucAuMJ3dg/about","95","verified","2026-08-16","2026-08-16"
"alejandra guzman","Alejandra Guzman","tiktok","https://www.tiktok.com/@laguzmanoficial","verified_youtube_channel+channel_about_external_link","https://www.youtube.com/channel/UCuHEt7VkfYYY0_ucAuMJ3dg/about","95","verified","2026-08-16","2026-08-16"
"alejandra guzman","Alejandra Guzman","twitter","https://x.com/Al3jandraGuzman","verified_musicbrainz_mapping+wikidata_social_identifier+verified_spotify_mapping","http://www.wikidata.org/entity/Q470152","95","verified","2026-08-16","2026-08-16"
"alejandra guzman","Alejandra Guzman","twitter","https://twitter.com/Al3jandraGuzman","verified_youtube_channel+channel_about_external_link","https://www.youtube.com/channel/UCuHEt7VkfYYY0_ucAuMJ3dg/about","95","verified","2026-08-16","2026-08-16"
"alejandro fernandez","Alejandro Fernandez","facebook","https://www.facebook.com/alejandrofernandezoficial","verified_youtube_channel+channel_about_external_link","https://www.youtube.com/channel/UC0K-1_31jfkcA4Nd294gMyA/about","95","verified","2026-08-16","2026-08-16"
"alejandro fernandez","Alejandro Fernandez","instagram","https://www.instagram.com/alexoficial","verified_musicbrainz_mapping+wikidata_social_identifier+verified_spotify_mapping+verified_youtube_identity_mapping+verified_youtube_channel+channel_about_external_link","http://www.wikidata.org/entity/Q553528 | https://www.youtube.com/channel/UC0K-1_31jfkcA4Nd294gMyA/about","95","verified","2026-08-16","2026-08-16"
"alejandro fernandez","Alejandro Fernandez","twitter","https://x.com/alexoficial","verified_musicbrainz_mapping+wikidata_social_identifier+verified_spotify_mapping+verified_youtube_identity_mapping","http://www.wikidata.org/entity/Q553528","95","verified","2026-08-16","2026-08-16"
"alejandro fernandez","Alejandro Fernandez","twitter","https://twitter.com/alexoficial","verified_youtube_channel+channel_about_external_link","https://www.youtube.com/channel/UC0K-1_31jfkcA4Nd294gMyA/about","95","verified","2026-08-16","2026-08-16"
"aleks syntek","Aleks Syntek","facebook","https://www.facebook.com/syntekoficial","verified_youtube_channel+channel_about_external_link","https://www.youtube.com/channel/UC2cqFcxsekgYM5miDSI0O5Q/about","95","verified","2026-08-16","2026-08-16"
"aleks syntek","Aleks Syntek","instagram","https://www.instagram.com/syntekoficial","verified_musicbrainz_mapping+wikidata_social_identifier+verified_spotify_mapping+verified_youtube_identity_mapping+verified_youtube_channel+channel_about_external_link","http://www.wikidata.org/entity/Q2832483 | https://www.youtube.com/channel/UC2cqFcxsekgYM5miDSI0O5Q/about","95","verified","2026-08-16","2026-08-16"
"aleks syntek","Aleks Syntek","tiktok","https://www.tiktok.com/@syntekoficial","verified_musicbrainz_mapping+wikidata_social_identifier+verified_spotify_mapping+verified_youtube_identity_mapping","http://www.wikidata.org/entity/Q2832483","95","verified","2026-08-16","2026-08-16"
"aleks syntek","Aleks Syntek","tiktok","https://www.tiktok.com/@alekssyntek.oficial","verified_youtube_channel+channel_about_external_link","https://www.youtube.com/channel/UC2cqFcxsekgYM5miDSI0O5Q/about","95","verified","2026-08-16","2026-08-16"
"aleks syntek","Aleks Syntek","twitter","https://x.com/syntekoficial","verified_musicbrainz_mapping+wikidata_social_identifier+verified_spotify_mapping+verified_youtube_identity_mapping","http://www.wikidata.org/entity/Q2832483","95","verified","2026-08-16","2026-08-16"
"aleks syntek","Aleks Syntek","twitter","https://twitter.com/alekssyntek_ofi","verified_youtube_channel+channel_about_external_link","https://www.youtube.com/channel/UC2cqFcxsekgYM5miDSI0O5Q/about","95","verified","2026-08-16","2026-08-16"
"alex favela","Alex Favela","facebook","https://www.facebook.com/AlexFavelaMusica","verified_youtube_channel+channel_about_external_link","https://www.youtube.com/channel/UC49yOBv2nK5nEZNpPaxuPmQ/about","95","verified","2026-08-16","2026-08-16"
"alex favela","Alex Favela","instagram","https://www.instagram.com/alexfavela.music","verified_youtube_channel+channel_about_external_link","https://www.youtube.com/channel/UC49yOBv2nK5nEZNpPaxuPmQ/about","95","verified","2026-08-16","2026-08-16"
"alex favela","Alex Favela","tiktok","https://www.tiktok.com/@alexfavela.music","verified_youtube_channel+channel_about_external_link","https://www.youtube.com/channel/UC49yOBv2nK5nEZNpPaxuPmQ/about","95","verified","2026-08-16","2026-08-16"
"alex torres","Alex Torres","facebook","https://www.facebook.com/alextorres26banda","verified_youtube_channel+channel_about_external_link","https://www.youtube.com/channel/UCJAmG46RSrp_R-RqSiA0Vig/about","95","verified","2026-08-16","2026-08-16"
"alex torres","Alex Torres","instagram","https://www.instagram.com/alextorres_mx","verified_spotify_mapping+wikidata_social_identifier+verified_youtube_channel+channel_about_external_link","http://www.wikidata.org/entity/Q138415586 | https://www.youtube.com/channel/UCJAmG46RSrp_R-RqSiA0Vig/about","95","verified","2026-08-16","2026-08-16"
"alex torres","Alex Torres","tiktok","https://www.tiktok.com/@alextorres_mx1","verified_youtube_channel+channel_about_external_link","https://www.youtube.com/channel/UCJAmG46RSrp_R-RqSiA0Vig/about","95","verified","2026-08-16","2026-08-16"
"alfonso munoz","Alfonso Muñoz","instagram","https://www.instagram.com/alfonsomunozoficial","verified_youtube_channel+channel_about_external_link","https://www.youtube.com/channel/UCmGBMW1YacsJPwy8uPZ1xFA/about","95","verified","2026-08-16","2026-08-16"
"alfonso munoz","Alfonso Muñoz","tiktok","https://www.tiktok.com/@alfonsomunoz26","verified_youtube_channel+channel_about_external_link","https://www.youtube.com/channel/UCmGBMW1YacsJPwy8uPZ1xFA/about","95","verified","2026-08-16","2026-08-16"
"alfredo olivas","Alfredo Olivas","facebook","https://www.facebook.com/AlfredoOlivasMusica","verified_youtube_channel+channel_about_external_link","https://www.youtube.com/channel/UC1bZ17RdXYpjsgDKWxaYCYA/about","95","verified","2026-08-16","2026-08-16"
"alfredo olivas","Alfredo Olivas","instagram","https://www.instagram.com/alfredoolivasofficial","verified_musicbrainz_mapping+wikidata_social_identifier+verified_spotify_mapping+verified_youtube_identity_mapping","http://www.wikidata.org/entity/Q20714558","95","verified","2026-08-16","2026-08-16"
"alfredo olivas","Alfredo Olivas","instagram","http://www.instagram.com/AlfredoOlivasOfficial","verified_youtube_channel+channel_about_external_link","https://www.youtube.com/channel/UC1bZ17RdXYpjsgDKWxaYCYA/about","95","verified","2026-08-16","2026-08-16"
"alfredo olivas","Alfredo Olivas","tiktok","https://www.tiktok.com/@alfredoolivasofficial_","verified_youtube_channel+channel_about_external_link","https://www.youtube.com/channel/UC1bZ17RdXYpjsgDKWxaYCYA/about","95","verified","2026-08-16","2026-08-16"
"alfredo olivas","Alfredo Olivas","twitter","https://x.com/alfredoolivas_","verified_musicbrainz_mapping+wikidata_social_identifier+verified_spotify_mapping+verified_youtube_identity_mapping","http://www.wikidata.org/entity/Q20714558","95","verified","2026-08-16","2026-08-16"
"alicia villarreal","Alicia Villarreal","facebook","https://www.facebook.com/Alicia-Villarreal-46833245475","verified_musicbrainz_mapping+wikidata_social_identifier","http://www.wikidata.org/entity/Q3874404","95","verified","2026-08-16","2026-08-16"
"alicia villarreal","Alicia Villarreal","facebook","https://www.facebook.com/LaVillarrealMx","verified_youtube_channel+channel_about_external_link","https://www.youtube.com/channel/UCDZpnge1SjsTcNqXorqdLgA/about","95","verified","2026-08-16","2026-08-16"
"alicia villarreal","Alicia Villarreal","instagram","https://www.instagram.com/lavillarrealmx","verified_youtube_channel+channel_about_external_link","https://www.youtube.com/channel/UCDZpnge1SjsTcNqXorqdLgA/about","95","verified","2026-08-16","2026-08-16"
"alicia villarreal","Alicia Villarreal","tiktok","https://www.tiktok.com/@aliciavillarrealmx","verified_youtube_channel+channel_about_external_link","https://www.youtube.com/channel/UCDZpnge1SjsTcNqXorqdLgA/about","95","verified","2026-08-16","2026-08-16"
"alicia villarreal","Alicia Villarreal","twitter","https://twitter.com/LaVillarrealMx","verified_youtube_channel+channel_about_external_link","https://www.youtube.com/channel/UCDZpnge1SjsTcNqXorqdLgA/about","95","verified","2026-08-16","2026-08-16"
"alto linaje","Alto Linaje","facebook","https://www.facebook.com/AltoLinaje37","verified_youtube_channel+channel_about_external_link","https://www.youtube.com/channel/UCK7OwkCnk7U6zoNMxcvrnhA/about","95","verified","2026-08-16","2026-08-16"
"alto linaje","Alto Linaje","instagram","https://www.instagram.com/alto_linaje","verified_youtube_channel+channel_about_external_link","https://www.youtube.com/channel/UCK7OwkCnk7U6zoNMxcvrnhA/about","95","verified","2026-08-16","2026-08-16"
"alto linaje","Alto Linaje","tiktok","https://www.tiktok.com/@altolinajeoficial","verified_youtube_channel+channel_about_external_link","https://www.youtube.com/channel/UCK7OwkCnk7U6zoNMxcvrnhA/about","95","verified","2026-08-16","2026-08-16"
"alto linaje","Alto Linaje","twitter","https://twitter.com/alto_linajee","verified_youtube_channel+channel_about_external_link","https://www.youtube.com/channel/UCK7OwkCnk7U6zoNMxcvrnhA/about","95","verified","2026-08-16","2026-08-16"
"ana barbara","Ana Bárbara","facebook","https://www.facebook.com/AnaBarbaraOfficialFB","verified_musicbrainz_mapping+wikidata_social_identifier+verified_spotify_mapping+verified_youtube_identity_mapping","http://www.wikidata.org/entity/Q4750330","95","verified","2026-08-16","2026-08-16"
"ana barbara","Ana Bárbara","facebook","https://www.facebook.com/AnaBarbaraMusic","verified_youtube_channel+channel_about_external_link","https://www.youtube.com/channel/UC2EftTAOzjdCXRoEPOkWh5g/about","95","verified","2026-08-16","2026-08-16"
"ana barbara","Ana Bárbara","instagram","https://www.instagram.com/anabarbaramusic","verified_musicbrainz_mapping+wikidata_social_identifier+verified_spotify_mapping+verified_youtube_identity_mapping+verified_youtube_channel+channel_about_external_link","http://www.wikidata.org/entity/Q4750330 | https://www.youtube.com/channel/UC2EftTAOzjdCXRoEPOkWh5g/about","95","verified","2026-08-16","2026-08-16"
"ana barbara","Ana Bárbara","tiktok","https://www.tiktok.com/@anabarbaraoficial","verified_youtube_channel+channel_about_external_link","https://www.youtube.com/channel/UC2EftTAOzjdCXRoEPOkWh5g/about","95","verified","2026-08-16","2026-08-16"
"ana barbara","Ana Bárbara","twitter","https://x.com/anabarbaramusic","verified_musicbrainz_mapping+wikidata_social_identifier+verified_spotify_mapping+verified_youtube_identity_mapping+verified_youtube_channel+channel_about_external_link","http://www.wikidata.org/entity/Q4750330 | https://www.youtube.com/channel/UC2EftTAOzjdCXRoEPOkWh5g/about","95","verified","2026-08-16","2026-08-16"
"ana gabriel","Ana Gabriel","facebook","https://www.facebook.com/AnaGabrielOfficial","verified_youtube_channel+channel_about_external_link","https://www.youtube.com/channel/UCs1eKCRvdr0FefP8rHax2aw/about","95","verified","2026-08-16","2026-08-16"
"ana gabriel","Ana Gabriel","instagram","https://www.instagram.com/anagabrieloficial","verified_musicbrainz_mapping+wikidata_social_identifier+verified_spotify_mapping+verified_youtube_channel+channel_about_external_link","http://www.wikidata.org/entity/Q3898000 | https://www.youtube.com/channel/UCs1eKCRvdr0FefP8rHax2aw/about","95","verified","2026-08-16","2026-08-16"
"ana gabriel","Ana Gabriel","twitter","https://x.com/ANAGABRIELRL","verified_musicbrainz_mapping+wikidata_social_identifier+verified_spotify_mapping","http://www.wikidata.org/entity/Q3898000","95","verified","2026-08-16","2026-08-16"
"ana gabriel","Ana Gabriel","twitter","https://twitter.com/ANAGABRIELRL","verified_youtube_channel+channel_about_external_link","https://www.youtube.com/channel/UCs1eKCRvdr0FefP8rHax2aw/about","95","verified","2026-08-16","2026-08-16"
"anahi","Anahí","facebook","https://www.facebook.com/AnahiMusic","verified_musicbrainz_mapping+wikidata_social_identifier+verified_spotify_mapping+verified_youtube_identity_mapping","http://www.wikidata.org/entity/Q169461","95","verified","2026-08-16","2026-08-16"
"anahi","Anahí","facebook","http://www.facebook.com/anahimusic","verified_youtube_channel+channel_about_external_link","https://www.youtube.com/channel/UCpPhbXeFOb32k82-f-Qt7rQ/about","95","verified","2026-08-16","2026-08-16"
"anahi","Anahí","instagram","https://www.instagram.com/anahi","verified_musicbrainz_mapping+wikidata_social_identifier+verified_spotify_mapping+verified_youtube_identity_mapping","http://www.wikidata.org/entity/Q169461","95","verified","2026-08-16","2026-08-16"
"anahi","Anahí","instagram","https://instagram.com/anahiofficial","verified_youtube_channel+channel_about_external_link","https://www.youtube.com/channel/UCpPhbXeFOb32k82-f-Qt7rQ/about","95","verified","2026-08-16","2026-08-16"
"anahi","Anahí","tiktok","https://www.tiktok.com/@estanahi","verified_youtube_channel+channel_about_external_link","https://www.youtube.com/channel/UCpPhbXeFOb32k82-f-Qt7rQ/about","95","verified","2026-08-16","2026-08-16"
"anahi","Anahí","twitter","https://x.com/Anahi","verified_musicbrainz_mapping+wikidata_social_identifier+verified_spotify_mapping+verified_youtube_identity_mapping","http://www.wikidata.org/entity/Q169461","95","verified","2026-08-16","2026-08-16"
"anahi","Anahí","twitter","http://www.twitter.com/anahi","verified_youtube_channel+channel_about_external_link","https://www.youtube.com/channel/UCpPhbXeFOb32k82-f-Qt7rQ/about","95","verified","2026-08-16","2026-08-16"
"angel almaguer","Angel Almaguer","instagram","https://www.instagram.com/angelalmaguerx","verified_youtube_channel+channel_about_external_link","https://www.youtube.com/channel/UCGIfm1rvGN8TEmMM7y05dLw/about","95","verified","2026-08-16","2026-08-16"
"angel tumbado","Angel Tumbado","instagram","https://www.instagram.com/oficialangeltumbado","verified_youtube_channel+channel_about_external_link","https://www.youtube.com/channel/UCm0rkQxVYLMyxdMNU8D6RCg/about","95","verified","2026-08-16","2026-08-16"
"angel tumbado","Angel Tumbado","tiktok","https://www.tiktok.com/@angeltumbado_","verified_youtube_channel+channel_about_external_link","https://www.youtube.com/channel/UCm0rkQxVYLMyxdMNU8D6RCg/about","95","verified","2026-08-16","2026-08-16"
"angel tumbado","Angel Tumbado","twitter","https://x.com/AymTumbado","verified_youtube_channel+channel_about_external_link","https://www.youtube.com/channel/UCm0rkQxVYLMyxdMNU8D6RCg/about","95","verified","2026-08-16","2026-08-16"
"angela aguilar","Angela Aguilar","facebook","https://www.facebook.com/AngelaAguilarOficial","verified_youtube_channel+channel_about_external_link","https://www.youtube.com/channel/UCugX5B6n1jtQq2ihzhRk-Ag/about","95","verified","2026-08-16","2026-08-16"
"angela aguilar","Angela Aguilar","instagram","https://www.instagram.com/angela_aguilar_","verified_musicbrainz_mapping+wikidata_social_identifier+verified_spotify_mapping+verified_youtube_identity_mapping+verified_youtube_channel+channel_about_external_link","http://www.wikidata.org/entity/Q56162397 | https://www.youtube.com/channel/UCugX5B6n1jtQq2ihzhRk-Ag/about","95","verified","2026-08-16","2026-08-16"
"angela aguilar","Angela Aguilar","twitter","https://x.com/angelaaguilar__","verified_musicbrainz_mapping+wikidata_social_identifier+verified_spotify_mapping+verified_youtube_identity_mapping","http://www.wikidata.org/entity/Q56162397","95","verified","2026-08-16","2026-08-16"
"angela aguilar","Angela Aguilar","twitter","https://twitter.com/AngelaAguilar__","verified_youtube_channel+channel_about_external_link","https://www.youtube.com/channel/UCugX5B6n1jtQq2ihzhRk-Ag/about","95","verified","2026-08-16","2026-08-16"
"ariel camacho","Ariel Camacho","facebook","http://facebook.com/ArielCamachoOficial","verified_youtube_channel+channel_about_external_link","https://www.youtube.com/channel/UCRrbmoS1aMxwMSYI6s9UWAQ/about","95","verified","2026-08-16","2026-08-16"
"ariel camacho","Ariel Camacho","instagram","https://www.instagram.com/ArielCamacho_Oficial","verified_youtube_channel+channel_about_external_link","https://www.youtube.com/channel/UCRrbmoS1aMxwMSYI6s9UWAQ/about","95","verified","2026-08-16","2026-08-16"
"arley perez","Arley Perez","facebook","https://www.facebook.com/ArleyPerez01","verified_youtube_channel+channel_about_external_link","https://www.youtube.com/channel/UChPwA-9Um6Vb6h8sguJdO5w/about","95","verified","2026-08-16","2026-08-16"
"arley perez","Arley Perez","instagram","https://www.instagram.com/ArleyPerezOficial","verified_youtube_channel+channel_about_external_link","https://www.youtube.com/channel/UChPwA-9Um6Vb6h8sguJdO5w/about","95","verified","2026-08-16","2026-08-16"
"arley perez","Arley Perez","tiktok","https://www.tiktok.com/@ArleyPerezOficial","verified_youtube_channel+channel_about_external_link","https://www.youtube.com/channel/UChPwA-9Um6Vb6h8sguJdO5w/about","95","verified","2026-08-16","2026-08-16"
"armenta","Armenta","instagram","https://www.instagram.com/imarmenta","verified_youtube_channel+channel_about_external_link","https://www.youtube.com/channel/UC8CvnWIRrDCNu479N5U9BKg/about","95","verified","2026-08-16","2026-08-16"
"banda arkangel r 15","Banda Arkangel R-15","facebook","https://www.facebook.com/BandaArkangelR15","verified_youtube_channel+channel_about_external_link","https://www.youtube.com/channel/UCQK-MBBw99wpNSdDq60tOWg/about","95","verified","2026-08-16","2026-08-16"
"banda arkangel r 15","Banda Arkangel R-15","instagram","https://www.instagram.com/bandaarkangelr15oficial","verified_youtube_channel+channel_about_external_link","https://www.youtube.com/channel/UCQK-MBBw99wpNSdDq60tOWg/about","95","verified","2026-08-16","2026-08-16"
"banda arkangel r 15","Banda Arkangel R-15","instagram","https://www.instagram.com/lunamusic_events","verified_youtube_channel+channel_about_external_link","https://www.youtube.com/channel/UCQK-MBBw99wpNSdDq60tOWg/about","95","verified","2026-08-16","2026-08-16"
"banda arkangel r 15","Banda Arkangel R-15","tiktok","https://www.tiktok.com/@bandaarkangelr15oficial_","verified_youtube_channel+channel_about_external_link","https://www.youtube.com/channel/UCQK-MBBw99wpNSdDq60tOWg/about","95","verified","2026-08-16","2026-08-16"
"banda carnaval","Banda Carnaval","facebook","https://www.facebook.com/BandaCarnavalOfficial","verified_youtube_channel+channel_about_external_link","https://www.youtube.com/channel/UCKrEo5CpSJsailZ21nDVEuA/about","95","verified","2026-08-16","2026-08-16"
"banda carnaval","Banda Carnaval","instagram","https://www.instagram.com/bandacarnavaloficial","verified_musicbrainz_mapping+wikidata_social_identifier+verified_spotify_mapping+verified_youtube_channel+channel_about_external_link","http://www.wikidata.org/entity/Q20683863 | https://www.youtube.com/channel/UCKrEo5CpSJsailZ21nDVEuA/about","95","verified","2026-08-16","2026-08-16"
"banda carnaval","Banda Carnaval","twitter","https://x.com/_bandacarnaval","verified_musicbrainz_mapping+wikidata_social_identifier+verified_spotify_mapping","http://www.wikidata.org/entity/Q20683863","95","verified","2026-08-16","2026-08-16"
"banda clave nueva","Banda Clave Nueva","facebook","https://www.facebook.com/bandaclavenueva","verified_youtube_channel+channel_about_external_link","https://www.youtube.com/channel/UC1LrNYSTEVnoJ1t1Tzbe7Wg/about","95","verified","2026-08-16","2026-08-16"
"banda clave nueva","Banda Clave Nueva","instagram","https://www.instagram.com/bandaclavenueva","verified_youtube_channel+channel_about_external_link","https://www.youtube.com/channel/UC1LrNYSTEVnoJ1t1Tzbe7Wg/about","95","verified","2026-08-16","2026-08-16"
"banda clave nueva","Banda Clave Nueva","tiktok","https://www.tiktok.com/@bandaclavenueva","verified_youtube_channel+channel_about_external_link","https://www.youtube.com/channel/UC1LrNYSTEVnoJ1t1Tzbe7Wg/about","95","verified","2026-08-16","2026-08-16"
"banda corona del rey","Banda Corona Del Rey","facebook","http://www.facebook.com/BandaLaCoronaDelRey","verified_youtube_channel+channel_about_external_link","https://www.youtube.com/channel/UCXODv2VigE4rp613RWu7x1w/about","95","verified","2026-08-16","2026-08-16"
"banda corona del rey","Banda Corona Del Rey","instagram","http://www.instagram.com/BandaCoronaDelRey","verified_youtube_channel+channel_about_external_link","https://www.youtube.com/channel/UCXODv2VigE4rp613RWu7x1w/about","95","verified","2026-08-16","2026-08-16"
"banda corona del rey","Banda Corona Del Rey","twitter","https://twitter.com/CoronaDelReymzt","verified_youtube_channel+channel_about_external_link","https://www.youtube.com/channel/UCXODv2VigE4rp613RWu7x1w/about","95","verified","2026-08-16","2026-08-16"
"banda cuisillos","Banda Cuisillos","facebook","https://www.facebook.com/OficialCuisillos","verified_youtube_channel+channel_about_external_link","https://www.youtube.com/channel/UC60686eMrh5xwpHEe-d-pFg/about","95","verified","2026-08-16","2026-08-16"
"banda cuisillos","Banda Cuisillos","instagram","https://instagram.com/CuisillosOficial","verified_youtube_channel+channel_about_external_link","https://www.youtube.com/channel/UC60686eMrh5xwpHEe-d-pFg/about","95","verified","2026-08-16","2026-08-16"
"banda cuisillos","Banda Cuisillos","tiktok","https://www.tiktok.com/@cuisillosoficial","verified_youtube_channel+channel_about_external_link","https://www.youtube.com/channel/UC60686eMrh5xwpHEe-d-pFg/about","95","verified","2026-08-16","2026-08-16"
"banda cuisillos","Banda Cuisillos","twitter","https://twitter.com/Cuisillos_","verified_youtube_channel+channel_about_external_link","https://www.youtube.com/channel/UC60686eMrh5xwpHEe-d-pFg/about","95","verified","2026-08-16","2026-08-16"
"banda el recodo","Banda El Recodo","facebook","https://www.facebook.com/RickyYocupicioOficial","verified_spotify_mapping+wikidata_social_identifier+verified_youtube_identity_mapping","http://www.wikidata.org/entity/Q4854311","95","verified","2026-08-16","2026-08-16"
"banda el recodo","Banda El Recodo","instagram","https://www.instagram.com/rickyrecodo","verified_spotify_mapping+wikidata_social_identifier+verified_youtube_identity_mapping","http://www.wikidata.org/entity/Q4854311","95","verified","2026-08-16","2026-08-16"
"banda el recodo","Banda El Recodo","twitter","https://x.com/elrecodooficial","verified_spotify_mapping+wikidata_social_identifier+verified_youtube_identity_mapping+duplicate_catalog_assignment","http://www.wikidata.org/entity/Q4854311","60","review","2026-08-16",""
"banda el recodo de cruz lizarraga","Banda El Recodo De Cruz Lizárraga","facebook","https://www.facebook.com/bandaelrecodo","current_concert_listing_plus_musicbrainz_relationship","https://www.songkick.com/fr/concerts/43171282-banda-el-recodo-at-raveeagles-club | https://musicbrainz.org/artist/1e7b781d-2616-4d8a-b194-99ace90659e2","95","verified","2026-08-16",""
"banda el recodo de cruz lizarraga","Banda El Recodo De Cruz Lizárraga","instagram","https://www.instagram.com/elrecodooficial","current_concert_listing_plus_musicbrainz_relationship","https://www.songkick.com/fr/concerts/43171282-banda-el-recodo-at-raveeagles-club | https://musicbrainz.org/artist/1e7b781d-2616-4d8a-b194-99ace90659e2","95","verified","2026-08-16",""
"banda el recodo de cruz lizarraga","Banda El Recodo De Cruz Lizárraga","tiktok","https://www.tiktok.com/@elrecodooficial","current_official_event_listing","https://www.songkick.com/fr/concerts/43171282-banda-el-recodo-at-raveeagles-club","90","verified","2026-08-16",""
"banda el recodo de cruz lizarraga","Banda El Recodo De Cruz Lizárraga","twitter","https://x.com/ElRecodoOficial","current_concert_listing_plus_musicbrainz_relationship+duplicate_catalog_assignment","https://www.songkick.com/fr/concerts/43171282-banda-el-recodo-at-raveeagles-club | https://musicbrainz.org/artist/1e7b781d-2616-4d8a-b194-99ace90659e2","60","review","2026-08-16",""
"banda la costena","Banda La Costeña","facebook","https://www.facebook.com/lacostenaoficial","verified_youtube_channel+channel_about_external_link","https://www.youtube.com/channel/UCzSvzOcz5rAw5mfYW2ZIXyg/about","95","verified","2026-08-16","2026-08-16"
"banda la costena","Banda La Costeña","instagram","https://www.instagram.com/banda_lacostena","verified_youtube_channel+channel_about_external_link","https://www.youtube.com/channel/UCzSvzOcz5rAw5mfYW2ZIXyg/about","95","verified","2026-08-16","2026-08-16"
"banda la costena","Banda La Costeña","tiktok","https://www.tiktok.com/banda_lacostena","verified_youtube_channel+channel_about_external_link","https://www.youtube.com/channel/UCzSvzOcz5rAw5mfYW2ZIXyg/about","95","verified","2026-08-16","2026-08-16"
"banda la ejecutiva","Banda La Ejecutiva","facebook","https://www.facebook.com/BandaLaEjecutivaOficial","verified_youtube_channel+channel_about_external_link","https://www.youtube.com/channel/UC6z3Ah32ftfKL7wngI_E8mQ/about","95","verified","2026-08-16","2026-08-16"
"banda la ejecutiva","Banda La Ejecutiva","instagram","https://www.instagram.com/bandalaejecutivaoficial","verified_youtube_channel+channel_about_external_link","https://www.youtube.com/channel/UC6z3Ah32ftfKL7wngI_E8mQ/about","95","verified","2026-08-16","2026-08-16"
"banda la ejecutiva","Banda La Ejecutiva","twitter","https://twitter.com/BandaEjecutiva","verified_youtube_channel+channel_about_external_link","https://www.youtube.com/channel/UC6z3Ah32ftfKL7wngI_E8mQ/about","95","verified","2026-08-16","2026-08-16"
"banda la sinaloense de alex ojeda","Banda la Sinaloense de Alex Ojeda","facebook","https://www.facebook.com/BLSINALOENSE","verified_youtube_channel+channel_about_external_link","https://www.youtube.com/channel/UCs-3gFzXy-6NbbyPHv8pw-Q/about","95","verified","2026-08-16","2026-08-16"
"banda la sinaloense de alex ojeda","Banda la Sinaloense de Alex Ojeda","instagram","https://www.instagram.com/lasinaloensedealexojeda","verified_youtube_channel+channel_about_external_link","https://www.youtube.com/channel/UCs-3gFzXy-6NbbyPHv8pw-Q/about","95","verified","2026-08-16","2026-08-16"
"banda la sinaloense de alex ojeda","Banda la Sinaloense de Alex Ojeda","tiktok","https://www.tiktok.com/@lasinaloenseoficial","verified_youtube_channel+channel_about_external_link","https://www.youtube.com/channel/UCs-3gFzXy-6NbbyPHv8pw-Q/about","95","verified","2026-08-16","2026-08-16"
"banda los recoditos","Banda Los Recoditos","facebook","https://www.facebook.com/bandalosrecoditos","verified_youtube_channel+channel_about_external_link","https://www.youtube.com/channel/UC5o_Zy1mybVlw3nB-cVj8lw/about","95","verified","2026-08-16","2026-08-16"
"banda los recoditos","Banda Los Recoditos","instagram","http://www.instagram.com/BandaRecoditosOficial","verified_youtube_channel+channel_about_external_link","https://www.youtube.com/channel/UC5o_Zy1mybVlw3nB-cVj8lw/about","95","verified","2026-08-16","2026-08-16"
"banda los recoditos","Banda Los Recoditos","twitter","https://twitter.com/BANDARECODITOSS","verified_youtube_channel+channel_about_external_link","https://www.youtube.com/channel/UC5o_Zy1mybVlw3nB-cVj8lw/about","95","verified","2026-08-16","2026-08-16"
"banda los sebastianes de saul plata","Banda Los Sebastianes de Saúl Plata","facebook","http://www.facebook.com/LosSebastianes","verified_youtube_channel+channel_about_external_link","https://www.youtube.com/channel/UCHuPWPvby7y7pWDFOeCXHlw/about","95","verified","2026-08-16","2026-08-16"
"banda los sebastianes de saul plata","Banda Los Sebastianes de Saúl Plata","instagram","https://www.instagram.com/banda.los.sebastianes","verified_youtube_channel+channel_about_external_link","https://www.youtube.com/channel/UCHuPWPvby7y7pWDFOeCXHlw/about","95","verified","2026-08-16","2026-08-16"
"banda los sebastianes de saul plata","Banda Los Sebastianes de Saúl Plata","tiktok","https://www.tiktok.com/@banda.los.sebastianes","verified_youtube_channel+channel_about_external_link","https://www.youtube.com/channel/UCHuPWPvby7y7pWDFOeCXHlw/about","95","verified","2026-08-16","2026-08-16"
"banda los sebastianes de saul plata","Banda Los Sebastianes de Saúl Plata","twitter","http://www.twitter.com/Sebastianes","verified_youtube_channel+channel_about_external_link","https://www.youtube.com/channel/UCHuPWPvby7y7pWDFOeCXHlw/about","95","verified","2026-08-16","2026-08-16"
"banda machos","Banda Machos","facebook","http://www.facebook.com/BandaMachos","verified_youtube_channel+channel_about_external_link","https://www.youtube.com/channel/UCn5Us84QezulZfPB3aVf3uA/about","95","verified","2026-08-16","2026-08-16"
"banda machos","Banda Machos","instagram","http://www.instagram.com/BandaMachosOficial","verified_youtube_channel+channel_about_external_link","https://www.youtube.com/channel/UCn5Us84QezulZfPB3aVf3uA/about","95","verified","2026-08-16","2026-08-16"
"banda machos","Banda Machos","twitter","http://www.twitter.com/BandaMachos","verified_youtube_channel+channel_about_external_link","https://www.youtube.com/channel/UCn5Us84QezulZfPB3aVf3uA/about","95","verified","2026-08-16","2026-08-16"
"banda maguey","Banda Maguey","facebook","https://www.facebook.com/BandaMagueyOficial","verified_youtube_channel+channel_about_external_link","https://www.youtube.com/channel/UCnWUzbF0AQIfrxtR0oa4MzA/about","95","verified","2026-08-16","2026-08-16"
"banda maguey","Banda Maguey","instagram","https://instagram.com/bandamagueyoficial","verified_youtube_channel+channel_about_external_link","https://www.youtube.com/channel/UCnWUzbF0AQIfrxtR0oa4MzA/about","95","verified","2026-08-16","2026-08-16"
"banda maguey","Banda Maguey","tiktok","https://www.tiktok.com/@bandamagueysigueysigue","verified_youtube_channel+channel_about_external_link","https://www.youtube.com/channel/UCnWUzbF0AQIfrxtR0oa4MzA/about","95","verified","2026-08-16","2026-08-16"
"banda maguey","Banda Maguey","twitter","http://twitter.com/labandamaguey","verified_youtube_channel+channel_about_external_link","https://www.youtube.com/channel/UCnWUzbF0AQIfrxtR0oa4MzA/about","95","verified","2026-08-16","2026-08-16"
"banda ms de sergio lizarraga","Banda MS de Sergio Lizárraga","facebook","https://www.facebook.com/BANDAMSOFICIAL","verified_youtube_channel+channel_about_external_link+duplicate_catalog_assignment","https://www.youtube.com/channel/UCV6ZlWpVitOcQvaL_RFgu5w/about","60","review","2026-08-16",""
"banda ms de sergio lizarraga","Banda MS de Sergio Lizárraga","instagram","https://www.instagram.com/bandamsoficial","verified_musicbrainz_mapping+wikidata_social_identifier+verified_spotify_mapping+verified_youtube_identity_mapping+duplicate_catalog_assignment","http://www.wikidata.org/entity/Q17274366","60","review","2026-08-16",""
"banda ms de sergio lizarraga","Banda MS de Sergio Lizárraga","instagram","http://instagram.com/bandamsoficial","verified_youtube_channel+channel_about_external_link+duplicate_catalog_assignment","https://www.youtube.com/channel/UCV6ZlWpVitOcQvaL_RFgu5w/about","60","review","2026-08-16",""
"banda ms de sergio lizarraga","Banda MS de Sergio Lizárraga","tiktok","https://www.tiktok.com/@banda_ms","verified_musicbrainz_mapping+wikidata_social_identifier+verified_spotify_mapping+verified_youtube_identity_mapping+duplicate_catalog_assignment","http://www.wikidata.org/entity/Q17274366","60","review","2026-08-16",""
"banda ms de sergio lizarraga","Banda MS de Sergio Lizárraga","twitter","https://x.com/banda_ms","verified_musicbrainz_mapping+wikidata_social_identifier+verified_spotify_mapping+verified_youtube_identity_mapping+duplicate_catalog_assignment","http://www.wikidata.org/entity/Q17274366","60","review","2026-08-16",""
"banda ms de sergio lizarraga","Banda MS de Sergio Lizárraga","twitter","https://twitter.com/BANDA_MS","verified_youtube_channel+channel_about_external_link+duplicate_catalog_assignment","https://www.youtube.com/channel/UCV6ZlWpVitOcQvaL_RFgu5w/about","60","review","2026-08-16",""
"banda pelillos","Banda Pelillos","facebook","https://www.facebook.com/BandaPelillos","verified_musicbrainz_mapping+live_musicbrainz_url_relationship","","90","verified","2026-08-16","2026-08-16"
"banda pelillos","Banda Pelillos","instagram","https://www.instagram.com/bandapelillos","verified_musicbrainz_mapping+live_musicbrainz_url_relationship","","90","verified","2026-08-16","2026-08-16"
"banda pelillos","Banda Pelillos","tiktok","https://www.tiktok.com/@bandapelillos","verified_musicbrainz_mapping+live_musicbrainz_url_relationship","","90","verified","2026-08-16","2026-08-16"
"banda pelillos","Banda Pelillos","twitter","https://twitter.com/bandapelillos","verified_musicbrainz_mapping+live_musicbrainz_url_relationship","","90","verified","2026-08-16","2026-08-16"
"banda pequenos musical","Banda Pequeños Musical","facebook","https://www.facebook.com/pequenosmusicaloficial","verified_youtube_channel+channel_about_external_link","https://www.youtube.com/channel/UCsHRMNEYmizCwhe8YlLXHQA/about","95","verified","2026-08-16","2026-08-16"
"banda pequenos musical","Banda Pequeños Musical","instagram","https://instagram.com/pequenosmusicaloficial","verified_youtube_channel+channel_about_external_link","https://www.youtube.com/channel/UCsHRMNEYmizCwhe8YlLXHQA/about","95","verified","2026-08-16","2026-08-16"
"banda pequenos musical","Banda Pequeños Musical","tiktok","https://vm.tiktok.com/ZMRsybXS3","verified_youtube_channel+channel_about_external_link","https://www.youtube.com/channel/UCsHRMNEYmizCwhe8YlLXHQA/about","95","verified","2026-08-16","2026-08-16"
"banda rancho viejo de julio aramburo la bandononona","Banda Rancho Viejo De Julio Aramburo La Bandononona","facebook","https://www.facebook.com/BandaRanchoViejoOficial","verified_youtube_channel+channel_about_external_link","https://www.youtube.com/channel/UCEAmXIl4mLrgqcjWZwmQ_AA/about","95","verified","2026-08-16","2026-08-16"
"banda rancho viejo de julio aramburo la bandononona","Banda Rancho Viejo De Julio Aramburo La Bandononona","instagram","https://www.instagram.com/bandaranchoviejo","verified_youtube_channel+channel_about_external_link","https://www.youtube.com/channel/UCEAmXIl4mLrgqcjWZwmQ_AA/about","95","verified","2026-08-16","2026-08-16"
"banda rancho viejo de julio aramburo la bandononona","Banda Rancho Viejo De Julio Aramburo La Bandononona","tiktok","https://www.tiktok.com/@bandaranchoviejodebc","verified_youtube_channel+channel_about_external_link","https://www.youtube.com/channel/UCEAmXIl4mLrgqcjWZwmQ_AA/about","95","verified","2026-08-16","2026-08-16"
"banda renovacion","Banda Renovacion","facebook","https://www.facebook.com/profile.php","verified_youtube_channel+channel_about_external_link+duplicate_catalog_assignment","https://www.youtube.com/channel/UCbSGJwfNNkRyJrwkd17IFJw/about","60","review","2026-08-16",""
"banda renovacion","Banda Renovacion","instagram","https://instagram.com/ypurabandarenovacion","verified_youtube_channel+channel_about_external_link","https://www.youtube.com/channel/UCbSGJwfNNkRyJrwkd17IFJw/about","95","verified","2026-08-16","2026-08-16"
"banda renovacion","Banda Renovacion","tiktok","https://www.tiktok.com/@bandarenovacion","verified_youtube_channel+channel_about_external_link","https://www.youtube.com/channel/UCbSGJwfNNkRyJrwkd17IFJw/about","95","verified","2026-08-16","2026-08-16"
"banda renovacion","Banda Renovacion","twitter","https://twitter.com/bandarenov36775","verified_youtube_channel+channel_about_external_link","https://www.youtube.com/channel/UCbSGJwfNNkRyJrwkd17IFJw/about","95","verified","2026-08-16","2026-08-16"
"banda sinaloense ms de sergio lizarraga","Banda Sinaloense MS de Sergio Lizárraga","facebook","https://www.facebook.com/BANDAMSOFICIAL","verified_youtube_channel+channel_about_external_link+duplicate_catalog_assignment","https://www.youtube.com/channel/UCV6ZlWpVitOcQvaL_RFgu5w/about","60","review","2026-08-16",""
"banda sinaloense ms de sergio lizarraga","Banda Sinaloense MS de Sergio Lizárraga","instagram","https://www.instagram.com/bandamsoficial","verified_musicbrainz_mapping+wikidata_social_identifier+verified_youtube_identity_mapping+duplicate_catalog_assignment","http://www.wikidata.org/entity/Q17274366","60","review","2026-08-16",""
"banda sinaloense ms de sergio lizarraga","Banda Sinaloense MS de Sergio Lizárraga","instagram","http://instagram.com/bandamsoficial","verified_youtube_channel+channel_about_external_link+duplicate_catalog_assignment","https://www.youtube.com/channel/UCV6ZlWpVitOcQvaL_RFgu5w/about","60","review","2026-08-16",""
"banda sinaloense ms de sergio lizarraga","Banda Sinaloense MS de Sergio Lizárraga","tiktok","https://www.tiktok.com/@banda_ms","verified_musicbrainz_mapping+wikidata_social_identifier+verified_youtube_identity_mapping+duplicate_catalog_assignment","http://www.wikidata.org/entity/Q17274366","60","review","2026-08-16",""
"banda sinaloense ms de sergio lizarraga","Banda Sinaloense MS de Sergio Lizárraga","twitter","https://x.com/banda_ms","verified_musicbrainz_mapping+wikidata_social_identifier+verified_youtube_identity_mapping+duplicate_catalog_assignment","http://www.wikidata.org/entity/Q17274366","60","review","2026-08-16",""
"banda sinaloense ms de sergio lizarraga","Banda Sinaloense MS de Sergio Lizárraga","twitter","https://twitter.com/BANDA_MS","verified_youtube_channel+channel_about_external_link+duplicate_catalog_assignment","https://www.youtube.com/channel/UCV6ZlWpVitOcQvaL_RFgu5w/about","60","review","2026-08-16",""
"banda tierra sagrada","Banda Tierra Sagrada","facebook","https://www.facebook.com/BandaTierraSagrada","verified_youtube_channel+channel_about_external_link","https://www.youtube.com/channel/UCnmJJej469IEuij9ra2o1pQ/about","95","verified","2026-08-16","2026-08-16"
"banda tierra sagrada","Banda Tierra Sagrada","instagram","https://www.instagram.com/bandatierrasagrada","verified_youtube_channel+channel_about_external_link","https://www.youtube.com/channel/UCnmJJej469IEuij9ra2o1pQ/about","95","verified","2026-08-16","2026-08-16"
"banda tierra sagrada","Banda Tierra Sagrada","tiktok","https://www.tiktok.com/@bandatierrasagradaof","verified_youtube_channel+channel_about_external_link","https://www.youtube.com/channel/UCnmJJej469IEuij9ra2o1pQ/about","95","verified","2026-08-16","2026-08-16"
"banda tierra sagrada","Banda Tierra Sagrada","twitter","https://twitter.com/tierrasagrada1","verified_youtube_channel+channel_about_external_link","https://www.youtube.com/channel/UCnmJJej469IEuij9ra2o1pQ/about","95","verified","2026-08-16","2026-08-16"
"banda vallarta show","Banda Vallarta Show","facebook","https://www.facebook.com/vallartashowoficial","verified_youtube_channel+channel_about_external_link","https://www.youtube.com/channel/UCt3FfEVsTlaKnJRGAsB7gZQ/about","95","verified","2026-08-16","2026-08-16"
"banda vallarta show","Banda Vallarta Show","instagram","https://www.instagram.com/vallartashowoficial","verified_youtube_channel+channel_about_external_link","https://www.youtube.com/channel/UCt3FfEVsTlaKnJRGAsB7gZQ/about","95","verified","2026-08-16","2026-08-16"
"banda vallarta show","Banda Vallarta Show","tiktok","https://www.tiktok.com/@vallartashowoficial","verified_youtube_channel+channel_about_external_link","https://www.youtube.com/channel/UCt3FfEVsTlaKnJRGAsB7gZQ/about","95","verified","2026-08-16","2026-08-16"
"banda vallarta show","Banda Vallarta Show","twitter","https://www.twitter.com/vallarta_show","verified_youtube_channel+channel_about_external_link","https://www.youtube.com/channel/UCt3FfEVsTlaKnJRGAsB7gZQ/about","95","verified","2026-08-16","2026-08-16"
"becky g","Becky G","facebook","https://www.facebook.com/iambeckyg","verified_youtube_channel+channel_about_external_link","https://www.youtube.com/channel/UCgtNC51EUSgcZ6kKyVoPxKA/about","95","verified","2026-08-16","2026-08-16"
"becky g","Becky G","instagram","https://www.instagram.com/iambeckyg","verified_musicbrainz_mapping+wikidata_social_identifier+verified_spotify_mapping+verified_youtube_identity_mapping","http://www.wikidata.org/entity/Q1393997","95","verified","2026-08-16","2026-08-16"
"becky g","Becky G","instagram","http://www.instagram.com/iambeckyg","verified_youtube_channel+channel_about_external_link","https://www.youtube.com/channel/UCgtNC51EUSgcZ6kKyVoPxKA/about","95","verified","2026-08-16","2026-08-16"
"becky g","Becky G","tiktok","https://www.tiktok.com/@iambeckyg","verified_musicbrainz_mapping+wikidata_social_identifier+verified_spotify_mapping+verified_youtube_identity_mapping","http://www.wikidata.org/entity/Q1393997","95","verified","2026-08-16","2026-08-16"
"becky g","Becky G","twitter","https://x.com/iambeckyg","verified_musicbrainz_mapping+wikidata_social_identifier+verified_spotify_mapping+verified_youtube_identity_mapping","http://www.wikidata.org/entity/Q1393997","95","verified","2026-08-16","2026-08-16"
"becky g","Becky G","twitter","http://twitter.com/iambeckyg","verified_youtube_channel+channel_about_external_link","https://www.youtube.com/channel/UCgtNC51EUSgcZ6kKyVoPxKA/about","95","verified","2026-08-16","2026-08-16"
"belanova","Belanova","facebook","https://www.facebook.com/belanova","verified_musicbrainz_mapping+wikidata_social_identifier+verified_spotify_mapping","http://www.wikidata.org/entity/Q2312716","95","verified","2026-08-16","2026-08-16"
"belanova","Belanova","facebook","http://www.facebook.com/belanova","verified_youtube_channel+channel_about_external_link","https://www.youtube.com/channel/UCiYVQsCrArlkwgxcHllY2rw/about","95","verified","2026-08-16","2026-08-16"
"belanova","Belanova","instagram","https://www.instagram.com/belanovaoficial","verified_youtube_channel+channel_about_external_link","https://www.youtube.com/channel/UCiYVQsCrArlkwgxcHllY2rw/about","95","verified","2026-08-16","2026-08-16"
"belanova","Belanova","tiktok","https://www.tiktok.com/@belanovaoficial","verified_youtube_channel+channel_about_external_link","https://www.youtube.com/channel/UCiYVQsCrArlkwgxcHllY2rw/about","95","verified","2026-08-16","2026-08-16"
"belanova","Belanova","twitter","https://x.com/Belanova","verified_musicbrainz_mapping+wikidata_social_identifier+verified_spotify_mapping","http://www.wikidata.org/entity/Q2312716","95","verified","2026-08-16","2026-08-16"
"belinda","Belinda","facebook","https://www.facebook.com/BelindaSitioOficial","verified_musicbrainz_mapping+wikidata_social_identifier+verified_spotify_mapping","http://www.wikidata.org/entity/Q232514","95","verified","2026-08-16","2026-08-16"
"belinda","Belinda","facebook","http://www.facebook.com/belindapop","verified_youtube_channel+channel_about_external_link","https://www.youtube.com/channel/UCUi-2UQydc8Ws5NgsnwkhFQ/about","95","verified","2026-08-16","2026-08-16"
"belinda","Belinda","instagram","https://www.instagram.com/belindapop","verified_musicbrainz_mapping+wikidata_social_identifier+verified_spotify_mapping","http://www.wikidata.org/entity/Q232514","95","verified","2026-08-16","2026-08-16"
"belinda","Belinda","instagram","http://www.instagram.com/belindapop","verified_youtube_channel+channel_about_external_link","https://www.youtube.com/channel/UCUi-2UQydc8Ws5NgsnwkhFQ/about","95","verified","2026-08-16","2026-08-16"
"belinda","Belinda","twitter","https://x.com/belindapop","verified_musicbrainz_mapping+wikidata_social_identifier+verified_spotify_mapping","http://www.wikidata.org/entity/Q232514","95","verified","2026-08-16","2026-08-16"
"bellakath","Bellakath","instagram","https://www.instagram.com/labellakath","verified_musicbrainz_mapping+wikidata_social_identifier+verified_spotify_mapping","http://www.wikidata.org/entity/Q122386384","95","verified","2026-08-16","2026-08-16"
"bellakath","Bellakath","instagram","https://instagram.com/labellakath","verified_youtube_channel+channel_about_external_link","https://www.youtube.com/channel/UCNTROFYU5frZL7p7fAcKeEw/about","95","verified","2026-08-16","2026-08-16"
"bellakath","Bellakath","tiktok","https://vm.tiktok.com/ZMeCsQBAP","verified_youtube_channel+channel_about_external_link","https://www.youtube.com/channel/UCNTROFYU5frZL7p7fAcKeEw/about","95","verified","2026-08-16","2026-08-16"
"bellakath","Bellakath","twitter","https://x.com/labellakath","verified_musicbrainz_mapping+wikidata_social_identifier+verified_spotify_mapping","http://www.wikidata.org/entity/Q122386384","95","verified","2026-08-16","2026-08-16"
"beto sierra","Beto Sierra","instagram","http://www.instagram.com/BetoSierraOficial","verified_youtube_channel+channel_about_external_link","https://www.youtube.com/channel/UCcLacBOybtmDLn3uAFemW_A/about","95","verified","2026-08-16","2026-08-16"
"beto sierra","Beto Sierra","twitter","http://www.twitter.com/BetoSierra_","verified_youtube_channel+channel_about_external_link","https://www.youtube.com/channel/UCcLacBOybtmDLn3uAFemW_A/about","95","verified","2026-08-16","2026-08-16"
"beto vega","Beto Vega","facebook","https://www.facebook.com/betovegaoficial","verified_youtube_channel+channel_about_external_link","https://www.youtube.com/channel/UCISOGxPtN8eGZkM4Z5Z-eqA/about","95","verified","2026-08-16","2026-08-16"
"beto vega","Beto Vega","instagram","https://www.instagram.com/betovegaoficial","verified_youtube_channel+channel_about_external_link","https://www.youtube.com/channel/UCISOGxPtN8eGZkM4Z5Z-eqA/about","95","verified","2026-08-16","2026-08-16"
"beto vega","Beto Vega","tiktok","https://www.tiktok.com/@betovegaoficial","verified_youtube_channel+channel_about_external_link","https://www.youtube.com/channel/UCISOGxPtN8eGZkM4Z5Z-eqA/about","95","verified","2026-08-16","2026-08-16"
"beto zapata","Beto Zapata","facebook","https://www.facebook.com/BetoZapataoficial","verified_youtube_channel+channel_about_external_link","https://www.youtube.com/channel/UCTEVxukwsCUqlFw6d5_hUjQ/about","95","verified","2026-08-16","2026-08-16"
"beto zapata","Beto Zapata","instagram","https://www.instagram.com/betozapataoficial","verified_musicbrainz_mapping+wikidata_social_identifier+verified_youtube_identity_mapping+verified_youtube_channel+channel_about_external_link","http://www.wikidata.org/entity/Q65115086 | https://www.youtube.com/channel/UCTEVxukwsCUqlFw6d5_hUjQ/about","95","verified","2026-08-16","2026-08-16"
"beto zapata","Beto Zapata","twitter","https://x.com/zapata_pesado","verified_musicbrainz_mapping+wikidata_social_identifier+verified_youtube_identity_mapping","http://www.wikidata.org/entity/Q65115086","95","verified","2026-08-16","2026-08-16"
"beto zapata","Beto Zapata","twitter","https://twitter.com/zapata_beto","verified_youtube_channel+channel_about_external_link","https://www.youtube.com/channel/UCTEVxukwsCUqlFw6d5_hUjQ/about","95","verified","2026-08-16","2026-08-16"
"bobby pulido","Bobby Pulido","facebook","https://www.facebook.com/pages/Bobby-Pulido/366486600827","verified_youtube_channel+channel_about_external_link","https://www.youtube.com/channel/UCv3jybSL1a1XXxj36wWL7gw/about","95","verified","2026-08-16","2026-08-16"
"bobby pulido","Bobby Pulido","instagram","https://www.instagram.com/bobbypulido425","verified_youtube_channel+channel_about_external_link","https://www.youtube.com/channel/UCv3jybSL1a1XXxj36wWL7gw/about","95","verified","2026-08-16","2026-08-16"
"bobby pulido","Bobby Pulido","tiktok","https://www.tiktok.com/@bobbypulido425","verified_youtube_channel+channel_about_external_link","https://www.youtube.com/channel/UCv3jybSL1a1XXxj36wWL7gw/about","95","verified","2026-08-16","2026-08-16"
"bobby pulido","Bobby Pulido","twitter","https://twitter.com/bobbypulido425","verified_youtube_channel+channel_about_external_link","https://www.youtube.com/channel/UCv3jybSL1a1XXxj36wWL7gw/about","95","verified","2026-08-16","2026-08-16"
"brandon reyes y elvin","Brandon Reyes y Elvin","facebook","https://www.facebook.com/BrandonReyesyElvinOficial","verified_youtube_channel+channel_about_external_link","https://www.youtube.com/channel/UCvkr5py95vsIwoade4_zt-w/about","95","verified","2026-08-16","2026-08-16"
"brandon reyes y elvin","Brandon Reyes y Elvin","instagram","https://www.instagram.com/brandonreyesyelvin","verified_youtube_channel+channel_about_external_link","https://www.youtube.com/channel/UCvkr5py95vsIwoade4_zt-w/about","95","verified","2026-08-16","2026-08-16"
"brandon reyes y elvin","Brandon Reyes y Elvin","twitter","https://www.twitter.com/brandonreyesye1","verified_youtube_channel+channel_about_external_link","https://www.youtube.com/channel/UCvkr5py95vsIwoade4_zt-w/about","95","verified","2026-08-16","2026-08-16"
"bronco","Bronco","facebook","https://www.facebook.com/Official.Bronco","verified_musicbrainz_mapping+wikidata_social_identifier+verified_spotify_mapping","http://www.wikidata.org/entity/Q2926060","95","verified","2026-08-16","2026-08-16"
"bronco","Bronco","facebook","https://www.facebook.com/grupobronco","verified_youtube_channel+channel_about_external_link","https://www.youtube.com/channel/UCmXveBEdi2vv42Qs3sQYkow/about","95","verified","2026-08-16","2026-08-16"
"bronco","Bronco","instagram","https://www.instagram.com/broncoesbronco_","verified_musicbrainz_mapping+wikidata_social_identifier+verified_spotify_mapping","http://www.wikidata.org/entity/Q2926060","95","verified","2026-08-16","2026-08-16"
"bronco","Bronco","instagram","https://www.instagram.com/grupobronco","verified_youtube_channel+channel_about_external_link","https://www.youtube.com/channel/UCmXveBEdi2vv42Qs3sQYkow/about","95","verified","2026-08-16","2026-08-16"
"bronco","Bronco","tiktok","https://www.tiktok.com/@grupobronco","verified_youtube_channel+channel_about_external_link","https://www.youtube.com/channel/UCmXveBEdi2vv42Qs3sQYkow/about","95","verified","2026-08-16","2026-08-16"
"bronco","Bronco","twitter","https://x.com/broncoesbronco","verified_musicbrainz_mapping+wikidata_social_identifier+verified_spotify_mapping","http://www.wikidata.org/entity/Q2926060","95","verified","2026-08-16","2026-08-16"
"bronco","Bronco","twitter","https://x.com/Grupo_Bronco","verified_youtube_channel+channel_about_external_link","https://www.youtube.com/channel/UCmXveBEdi2vv42Qs3sQYkow/about","95","verified","2026-08-16","2026-08-16"
"calibre 50","Calibre 50","facebook","https://www.facebook.com/Calibre50Musica","verified_youtube_channel+channel_about_external_link","https://www.youtube.com/channel/UC7r3fSrFc31cs9pJRNgGWiQ/about","95","verified","2026-08-16","2026-08-16"
"calibre 50","Calibre 50","instagram","https://www.instagram.com/calibre50oficial","verified_musicbrainz_mapping+wikidata_social_identifier+verified_spotify_mapping+verified_youtube_identity_mapping+verified_youtube_channel+channel_about_external_link","http://www.wikidata.org/entity/Q30527623 | https://www.youtube.com/channel/UC7r3fSrFc31cs9pJRNgGWiQ/about","95","verified","2026-08-16","2026-08-16"
"calibre 50","Calibre 50","twitter","https://x.com/Calibre50","verified_musicbrainz_mapping+wikidata_social_identifier+verified_spotify_mapping+verified_youtube_identity_mapping","http://www.wikidata.org/entity/Q30527623","95","verified","2026-08-16","2026-08-16"
"calle 24","Calle 24","facebook","https://www.facebook.com/@twentyfourhood","verified_youtube_channel+channel_about_external_link","https://www.youtube.com/channel/UCbIN6ERxsO0zV2uv8Og4q4g/about","95","verified","2026-08-16","2026-08-16"
"calle 24","Calle 24","facebook","https://www.facebook.com/twentyfourhood","older_interview_single_source","https://radionotas.com/2021/06/03/que-esta-pasando-une-los-talentos-de-calle-24-y-fuerza-regida/","65","review","2026-08-16",""
"calle 24","Calle 24","instagram","https://www.instagram.com/calle24.oficial","verified_youtube_channel+channel_about_external_link+channel_bio_plus_independent_interview","https://www.youtube.com/channel/UCbIN6ERxsO0zV2uv8Og4q4g/about | https://calle24.ruclips.net/ | https://radionotas.com/2021/06/03/que-esta-pasando-une-los-talentos-de-calle-24-y-fuerza-regida/","95","verified","2026-08-16","2026-08-16"
"calle 24","Calle 24","tiktok","https://www.tiktok.com/@calle24.oficial","verified_youtube_channel+channel_about_external_link","https://www.youtube.com/channel/UCbIN6ERxsO0zV2uv8Og4q4g/about","95","verified","2026-08-16","2026-08-16"
"calle 24","Calle 24","twitter","https://x.com/Calle24_oficial","older_interview_single_source","https://radionotas.com/2021/06/03/que-esta-pasando-une-los-talentos-de-calle-24-y-fuerza-regida/","65","review","2026-08-16",""
"camila","Camila","facebook","https://www.facebook.com/CamilaMusic","verified_musicbrainz_mapping+wikidata_social_identifier+verified_spotify_mapping","http://www.wikidata.org/entity/Q1028918","95","verified","2026-08-16","2026-08-16"
"camila","Camila","facebook","http://www.facebook.com/Camilamusic","verified_youtube_channel+channel_about_external_link","https://www.youtube.com/channel/UCTbABe0xvBjIQeCMXU_R7fA/about","95","verified","2026-08-16","2026-08-16"
"camila","Camila","instagram","https://www.instagram.com/amila","verified_musicbrainz_mapping+wikidata_social_identifier+verified_spotify_mapping","http://www.wikidata.org/entity/Q1028918","95","verified","2026-08-16","2026-08-16"
"camila","Camila","instagram","https://www.instagram.com/camilamx","verified_musicbrainz_mapping+wikidata_social_identifier+verified_spotify_mapping+verified_youtube_channel+channel_about_external_link","http://www.wikidata.org/entity/Q1028918 | https://www.youtube.com/channel/UCTbABe0xvBjIQeCMXU_R7fA/about","95","verified","2026-08-16","2026-08-16"
"camila","Camila","twitter","https://x.com/CamilaMX","verified_musicbrainz_mapping+wikidata_social_identifier+verified_spotify_mapping","http://www.wikidata.org/entity/Q1028918","95","verified","2026-08-16","2026-08-16"
"camila","Camila","twitter","https://twitter.com/CamilaMX","verified_youtube_channel+channel_about_external_link","https://www.youtube.com/channel/UCTbABe0xvBjIQeCMXU_R7fA/about","95","verified","2026-08-16","2026-08-16"
"capo","Capo","facebook","https://www.facebook.com/capooffiziell","verified_spotify_mapping+wikidata_social_identifier","http://www.wikidata.org/entity/Q55606603","95","verified","2026-08-16","2026-08-16"
"capo","Capo","instagram","https://www.instagram.com/capo","verified_spotify_mapping+wikidata_social_identifier","http://www.wikidata.org/entity/Q55606603","95","verified","2026-08-16","2026-08-16"
"capo","Capo","instagram","https://www.instagram.com/capomilanoo","verified_spotify_mapping+wikidata_social_identifier","http://www.wikidata.org/entity/Q55606603","95","verified","2026-08-16","2026-08-16"
"capo","Capo","instagram","https://www.instagram.com/capoofficial","verified_spotify_mapping+wikidata_social_identifier","http://www.wikidata.org/entity/Q55606603","95","verified","2026-08-16","2026-08-16"
"capo","Capo","twitter","https://x.com/capooffiziell","verified_spotify_mapping+wikidata_social_identifier","http://www.wikidata.org/entity/Q55606603","95","verified","2026-08-16","2026-08-16"
"cardenales de nuevo leon","Cardenales De Nuevo León","facebook","https://www.facebook.com/LoscardenalesdenuevoleonOficial","verified_musicbrainz_mapping+wikidata_social_identifier","http://www.wikidata.org/entity/Q2887838","95","verified","2026-08-16","2026-08-16"
"carin leon","Carin Leon","facebook","https://www.facebook.com/carinleonoficial","verified_musicbrainz_mapping+wikidata_social_identifier+verified_spotify_mapping+verified_youtube_identity_mapping","http://www.wikidata.org/entity/Q97014977","95","verified","2026-08-16","2026-08-16"
"carin leon","Carin Leon","instagram","https://www.instagram.com/carinleonoficial","verified_musicbrainz_mapping+wikidata_social_identifier+verified_spotify_mapping+verified_youtube_identity_mapping","http://www.wikidata.org/entity/Q97014977","95","verified","2026-08-16","2026-08-16"
"carin leon","Carin Leon","tiktok","https://www.tiktok.com/@carinleonoficial","verified_musicbrainz_mapping+wikidata_social_identifier+verified_spotify_mapping+verified_youtube_identity_mapping","http://www.wikidata.org/entity/Q97014977","95","verified","2026-08-16","2026-08-16"
"carla morrison","Carla Morrison","facebook","https://www.facebook.com/CARLAMORRISONOFICIALMX","verified_youtube_channel+channel_about_external_link","https://www.youtube.com/channel/UC4XDU9cYyVAkB5Uk7bHpEPw/about","95","verified","2026-08-16","2026-08-16"
"carla morrison","Carla Morrison","instagram","https://www.instagram.com/carlamorrison","verified_musicbrainz_mapping+wikidata_social_identifier+verified_spotify_mapping+verified_youtube_identity_mapping+verified_youtube_channel+channel_about_external_link","http://www.wikidata.org/entity/Q5041091 | https://www.youtube.com/channel/UC4XDU9cYyVAkB5Uk7bHpEPw/about","95","verified","2026-08-16","2026-08-16"
"carla morrison","Carla Morrison","instagram","https://www.instagram.com/carlitamorrison","verified_musicbrainz_mapping+wikidata_social_identifier+verified_spotify_mapping+verified_youtube_identity_mapping","http://www.wikidata.org/entity/Q5041091","95","verified","2026-08-16","2026-08-16"
"carla morrison","Carla Morrison","tiktok","https://www.tiktok.com/@carlamorrison","verified_youtube_channel+channel_about_external_link","https://www.youtube.com/channel/UC4XDU9cYyVAkB5Uk7bHpEPw/about","95","verified","2026-08-16","2026-08-16"
"carla morrison","Carla Morrison","twitter","https://x.com/CarlaMorrisonmx","verified_musicbrainz_mapping+wikidata_social_identifier+verified_spotify_mapping+verified_youtube_identity_mapping","http://www.wikidata.org/entity/Q5041091","95","verified","2026-08-16","2026-08-16"
"carla morrison","Carla Morrison","twitter","https://twitter.com/CarlaMorrisonmx","verified_youtube_channel+channel_about_external_link","https://www.youtube.com/channel/UC4XDU9cYyVAkB5Uk7bHpEPw/about","95","verified","2026-08-16","2026-08-16"
"carlos rivera","Carlos Rivera","facebook","https://www.facebook.com/carlosrivera.mx","verified_youtube_channel+channel_about_external_link","https://www.youtube.com/channel/UCbL0E2cZEvpqJsqoRQiazFw/about","95","verified","2026-08-16","2026-08-16"
"carlos rivera","Carlos Rivera","instagram","https://www.instagram.com/_carlosrivera","verified_musicbrainz_mapping+wikidata_social_identifier+verified_youtube_channel+channel_about_external_link","http://www.wikidata.org/entity/Q5042560 | https://www.youtube.com/channel/UCbL0E2cZEvpqJsqoRQiazFw/about","95","verified","2026-08-16","2026-08-16"
"carlos rivera","Carlos Rivera","twitter","https://x.com/_CarlosRivera","verified_musicbrainz_mapping+wikidata_social_identifier","http://www.wikidata.org/entity/Q5042560","95","verified","2026-08-16","2026-08-16"
"carlos rivera","Carlos Rivera","twitter","https://twitter.com/_carlosrivera","verified_youtube_channel+channel_about_external_link","https://www.youtube.com/channel/UCbL0E2cZEvpqJsqoRQiazFw/about","95","verified","2026-08-16","2026-08-16"
"cartel de santa","Cartel De Santa","facebook","https://www.facebook.com/carteldesantaOG","verified_youtube_channel+channel_about_external_link","https://www.youtube.com/channel/UCunw-c0EKIX5LpPo8GpA2Aw/about","95","verified","2026-08-16","2026-08-16"
"cartel de santa","Cartel De Santa","instagram","https://instagram.com/babo_cartel","verified_youtube_channel+channel_about_external_link","https://www.youtube.com/channel/UCunw-c0EKIX5LpPo8GpA2Aw/about","95","verified","2026-08-16","2026-08-16"
"cartel de santa","Cartel De Santa","instagram","https://instagram.com/carteldesantaoficial","verified_youtube_channel+channel_about_external_link","https://www.youtube.com/channel/UCunw-c0EKIX5LpPo8GpA2Aw/about","95","verified","2026-08-16","2026-08-16"
"cartel de santa","Cartel De Santa","instagram","https://instagram.com/beatmakerhit","verified_youtube_channel+channel_about_external_link","https://www.youtube.com/channel/UCunw-c0EKIX5LpPo8GpA2Aw/about","95","verified","2026-08-16","2026-08-16"
"cartel de santa","Cartel De Santa","twitter","https://twitter.com/elcarteldesanta","verified_youtube_channel+channel_about_external_link","https://www.youtube.com/channel/UCunw-c0EKIX5LpPo8GpA2Aw/about","95","verified","2026-08-16","2026-08-16"
"chalino sanchez","Chalino Sanchez","facebook","https://www.facebook.com/discosmusart","verified_youtube_channel+channel_about_external_link","https://www.youtube.com/channel/UCM-uWh9Po2M-aNxWQ3LKh2w/about","95","verified","2026-08-16","2026-08-16"
"chalino sanchez","Chalino Sanchez","instagram","https://www.instagram.com/discosmusart","verified_youtube_channel+channel_about_external_link","https://www.youtube.com/channel/UCM-uWh9Po2M-aNxWQ3LKh2w/about","95","verified","2026-08-16","2026-08-16"
"chalino sanchez","Chalino Sanchez","tiktok","https://www.tiktok.com/@discosmusart","verified_youtube_channel+channel_about_external_link","https://www.youtube.com/channel/UCM-uWh9Po2M-aNxWQ3LKh2w/about","95","verified","2026-08-16","2026-08-16"
"chalino sanchez","Chalino Sanchez","twitter","https://twitter.com/Discos_Musart","verified_youtube_channel+channel_about_external_link","https://www.youtube.com/channel/UCM-uWh9Po2M-aNxWQ3LKh2w/about","95","verified","2026-08-16","2026-08-16"
"chayin rubio","Chayín Rubio","facebook","https://www.facebook.com/ChayinRubio","verified_youtube_channel+channel_about_external_link","https://www.youtube.com/channel/UCMd5YQRSl2X-1D6h31fOv0w/about","95","verified","2026-08-16","2026-08-16"
"chayin rubio","Chayín Rubio","instagram","https://instagram.com/chayinrubio","verified_youtube_channel+channel_about_external_link","https://www.youtube.com/channel/UCMd5YQRSl2X-1D6h31fOv0w/about","95","verified","2026-08-16","2026-08-16"
"chayin rubio","Chayín Rubio","twitter","https://twitter.com/chayinrubio","verified_youtube_channel+channel_about_external_link","https://www.youtube.com/channel/UCMd5YQRSl2X-1D6h31fOv0w/about","95","verified","2026-08-16","2026-08-16"
"chicho castro y sus alia2","Chicho Castro Y sus Alia2","facebook","https://www.facebook.com/ChichoCastroOfficial","verified_youtube_channel+channel_about_external_link","https://www.youtube.com/channel/UCX43g5r18G6ecoUjsQlrOgA/about","95","verified","2026-08-16","2026-08-16"
"chicho castro y sus alia2","Chicho Castro Y sus Alia2","instagram","https://www.instagram.com/chichocastrooficial","verified_youtube_channel+channel_about_external_link","https://www.youtube.com/channel/UCX43g5r18G6ecoUjsQlrOgA/about","95","verified","2026-08-16","2026-08-16"
"chicho castro y sus alia2","Chicho Castro Y sus Alia2","tiktok","https://www.tiktok.com/@chichocastrooficial","verified_youtube_channel+channel_about_external_link","https://www.youtube.com/channel/UCX43g5r18G6ecoUjsQlrOgA/about","95","verified","2026-08-16","2026-08-16"
"chino pacas","Chino Pacas","instagram","https://www.instagram.com/chinito_pacas","verified_musicbrainz_mapping+wikidata_social_identifier+verified_spotify_mapping+verified_youtube_channel+channel_about_external_link","http://www.wikidata.org/entity/Q117317902 | https://www.youtube.com/channel/UCeisA1deOqVSmeeYbjDpNCA/about","95","verified","2026-08-16","2026-08-16"
"chino pacas","Chino Pacas","tiktok","https://www.tiktok.com/@chinito_pacass","verified_youtube_channel+channel_about_external_link","https://www.youtube.com/channel/UCeisA1deOqVSmeeYbjDpNCA/about","95","verified","2026-08-16","2026-08-16"
"christian chavez","Christian Chávez","facebook","https://www.facebook.com/christianchaoficial","verified_musicbrainz_mapping+wikidata_social_identifier+verified_spotify_mapping","http://www.wikidata.org/entity/Q638209","95","verified","2026-08-16","2026-08-16"
"christian chavez","Christian Chávez","instagram","https://www.instagram.com/christianchavezreal","verified_musicbrainz_mapping+wikidata_social_identifier+verified_spotify_mapping+verified_youtube_channel+channel_about_external_link","http://www.wikidata.org/entity/Q638209 | https://www.youtube.com/channel/UCncCAY-r1bz4twioHTdVntA/about","95","verified","2026-08-16","2026-08-16"
"christian chavez","Christian Chávez","twitter","https://x.com/christiancha","verified_musicbrainz_mapping+wikidata_social_identifier+verified_spotify_mapping","http://www.wikidata.org/entity/Q638209","95","verified","2026-08-16","2026-08-16"
"christian nodal","Christian Nodal","facebook","https://www.facebook.com/christiannodaloficialmx","verified_youtube_channel+channel_about_external_link","https://www.youtube.com/channel/UCtqOng3GVhQVu1Gl-3UlyAQ/about","95","verified","2026-08-16","2026-08-16"
"christian nodal","Christian Nodal","instagram","https://www.instagram.com/nodal","verified_musicbrainz_mapping+wikidata_social_identifier+verified_spotify_mapping+verified_youtube_identity_mapping+verified_youtube_channel+channel_about_external_link","http://www.wikidata.org/entity/Q30905763 | https://www.youtube.com/channel/UCtqOng3GVhQVu1Gl-3UlyAQ/about","95","verified","2026-08-16","2026-08-16"
"christian nodal","Christian Nodal","tiktok","https://www.tiktok.com/@christiannodal","verified_musicbrainz_mapping+wikidata_social_identifier+verified_spotify_mapping+verified_youtube_identity_mapping","http://www.wikidata.org/entity/Q30905763","95","verified","2026-08-16","2026-08-16"
"christian nodal","Christian Nodal","twitter","https://x.com/_christiannodal","verified_musicbrainz_mapping+wikidata_social_identifier+verified_spotify_mapping+verified_youtube_identity_mapping","http://www.wikidata.org/entity/Q30905763","95","verified","2026-08-16","2026-08-16"
"chuy vega y los nuevos cadetes","Chuy Vega Y Los Nuevos Cadetes","facebook","https://www.facebook.com/ChuyVegaElVerdaderoCorazonNorteno","verified_youtube_channel+channel_about_external_link","https://www.youtube.com/channel/UCJIncPke-x6w4KN1hPcl3MA/about","95","verified","2026-08-16","2026-08-16"
"chuy vega y los nuevos cadetes","Chuy Vega Y Los Nuevos Cadetes","instagram","https://www.instagram.com/chuyvega_oficial","verified_youtube_channel+channel_about_external_link","https://www.youtube.com/channel/UCJIncPke-x6w4KN1hPcl3MA/about","95","verified","2026-08-16","2026-08-16"
"claudio alcaraz","Claudio Alcaraz","facebook","https://www.facebook.com/ElClaudioAlcaraz","verified_youtube_channel+channel_about_external_link","https://www.youtube.com/channel/UCUF7Yg4g6U6Q2tZiBu6PzUw/about","95","verified","2026-08-16","2026-08-16"
"claudio alcaraz","Claudio Alcaraz","instagram","https://www.instagram.com/claudioalcaraz","verified_youtube_channel+channel_about_external_link","https://www.youtube.com/channel/UCUF7Yg4g6U6Q2tZiBu6PzUw/about","95","verified","2026-08-16","2026-08-16"
"clave especial","Clave Especial","instagram","https://www.instagram.com/claveespecial","verified_youtube_channel+channel_about_external_link","https://www.youtube.com/channel/UCVR0_xWXWVsjqj0mThE_pig/about","95","verified","2026-08-16","2026-08-16"
"clave especial","Clave Especial","tiktok","https://www.tiktok.com/@claveespecial","verified_youtube_channel+channel_about_external_link","https://www.youtube.com/channel/UCVR0_xWXWVsjqj0mThE_pig/about","95","verified","2026-08-16","2026-08-16"
"codiciado","Codiciado","facebook","https://www.facebook.com/codiciadoofficial","verified_youtube_channel+channel_about_external_link","https://www.youtube.com/channel/UCTd0vhG1BjLJ2d5qL1Ix5lg/about","95","verified","2026-08-16","2026-08-16"
"codiciado","Codiciado","instagram","https://www.instagram.com/codiciadooficial","verified_youtube_channel+channel_about_external_link","https://www.youtube.com/channel/UCTd0vhG1BjLJ2d5qL1Ix5lg/about","95","verified","2026-08-16","2026-08-16"
"codiciado","Codiciado","tiktok","https://www.tiktok.com/@codiciadooficial","verified_youtube_channel+channel_about_external_link","https://www.youtube.com/channel/UCTd0vhG1BjLJ2d5qL1Ix5lg/about","95","verified","2026-08-16","2026-08-16"
"codigo fn","Código FN","facebook","https://www.facebook.com/CodigoFnOficial","verified_youtube_channel+channel_about_external_link","https://www.youtube.com/channel/UC0sQfhrnZTiuAS-h8gfJ4fA/about","95","verified","2026-08-16","2026-08-16"
"colmillo norteno","COLMILLO NORTEÑO","facebook","https://www.facebook.com/ColmilloOficial","verified_youtube_channel+channel_about_external_link","https://www.youtube.com/channel/UCHiJQYQvqxGYpylwse2uUhg/about","95","verified","2026-08-16","2026-08-16"
"colmillo norteno","COLMILLO NORTEÑO","instagram","https://www.instagram.com/colmillonorteno","verified_youtube_channel+channel_about_external_link","https://www.youtube.com/channel/UCHiJQYQvqxGYpylwse2uUhg/about","95","verified","2026-08-16","2026-08-16"
"colmillo norteno","COLMILLO NORTEÑO","twitter","https://twitter.com/COLMI_NORTENO","verified_youtube_channel+channel_about_external_link","https://www.youtube.com/channel/UCHiJQYQvqxGYpylwse2uUhg/about","95","verified","2026-08-16","2026-08-16"
"conjunto rienda real","Conjunto Rienda Real","facebook","https://www.facebook.com/ConjuntoRiendaReal","verified_youtube_channel+channel_about_external_link","https://www.youtube.com/channel/UCYWdxRvdjbIowm5KoF_bmxQ/about","95","verified","2026-08-16","2026-08-16"
"conjunto rienda real","Conjunto Rienda Real","instagram","https://www.instagram.com/conjuntoriendareal","verified_youtube_channel+channel_about_external_link","https://www.youtube.com/channel/UCYWdxRvdjbIowm5KoF_bmxQ/about","95","verified","2026-08-16","2026-08-16"
"conjunto rienda real","Conjunto Rienda Real","tiktok","https://www.tiktok.com/@conjuntoriendareal","verified_youtube_channel+channel_about_external_link","https://www.youtube.com/channel/UCYWdxRvdjbIowm5KoF_bmxQ/about","95","verified","2026-08-16","2026-08-16"
"cornelio vega y su dinastia","Cornelio Vega y Su Dinastia","facebook","https://www.facebook.com/AdictasACornelioVegaYSuDinastia","verified_youtube_channel+channel_about_external_link","https://www.youtube.com/channel/UCUUrMGNZw3pFuzh3MIvwWOQ/about","95","verified","2026-08-16","2026-08-16"
"cornelio vega y su dinastia","Cornelio Vega y Su Dinastia","twitter","https://twitter.com/corneliovegajr","verified_youtube_channel+channel_about_external_link","https://www.youtube.com/channel/UCUUrMGNZw3pFuzh3MIvwWOQ/about","95","verified","2026-08-16","2026-08-16"
"cosme tadeo","COSME TADEO","facebook","https://www.facebook.com/CosmeTadeoYSusReyes","verified_musicbrainz_mapping+live_musicbrainz_url_relationship","","90","verified","2026-08-16","2026-08-16"
"cosme tadeo","COSME TADEO","instagram","https://www.instagram.com/cosme_tadeo","verified_musicbrainz_mapping+live_musicbrainz_url_relationship","","90","verified","2026-08-16","2026-08-16"
"cosme tadeo","COSME TADEO","tiktok","https://www.tiktok.com/@cosme.tadeo21","verified_musicbrainz_mapping+live_musicbrainz_url_relationship","","90","verified","2026-08-16","2026-08-16"
"crecer german","Crecer German","facebook","https://www.facebook.com/crecergoficial","verified_youtube_channel+channel_about_external_link","https://www.youtube.com/channel/UCu5pIOlZazhhPD8FZitu18A/about","95","verified","2026-08-16","2026-08-16"
"crecer german","Crecer German","instagram","https://www.instagram.com/germancreceroficial","verified_youtube_channel+channel_about_external_link","https://www.youtube.com/channel/UCu5pIOlZazhhPD8FZitu18A/about","95","verified","2026-08-16","2026-08-16"
"crecer german","Crecer German","tiktok","https://www.tiktok.com/@crecergermanoficial","verified_youtube_channel+channel_about_external_link","https://www.youtube.com/channel/UCu5pIOlZazhhPD8FZitu18A/about","95","verified","2026-08-16","2026-08-16"
"cristian castro","Cristian Castro","facebook","https://www.facebook.com/CristianCastroOficial","verified_musicbrainz_mapping+wikidata_social_identifier+verified_spotify_mapping","http://www.wikidata.org/entity/Q2409501","95","verified","2026-08-16","2026-08-16"
"cristian castro","Cristian Castro","twitter","https://x.com/CristianCastro","verified_musicbrainz_mapping+wikidata_social_identifier+verified_spotify_mapping","http://www.wikidata.org/entity/Q2409501","95","verified","2026-08-16","2026-08-16"
"cuarto de milla","Cuarto de Milla","facebook","https://www.facebook.com/CuartoDeMillaOficial","verified_youtube_channel+channel_about_external_link","https://www.youtube.com/channel/UCaLWXilvfnZ9Vwj3e3a7fVQ/about","95","verified","2026-08-16","2026-08-16"
"cuarto de milla","Cuarto de Milla","instagram","https://www.instagram.com/cuartodemillaoficial","verified_youtube_channel+channel_about_external_link","https://www.youtube.com/channel/UCaLWXilvfnZ9Vwj3e3a7fVQ/about","95","verified","2026-08-16","2026-08-16"
"cuarto de milla","Cuarto de Milla","twitter","https://twitter.com/CuartoDeMillaOf","verified_youtube_channel+channel_about_external_link","https://www.youtube.com/channel/UCaLWXilvfnZ9Vwj3e3a7fVQ/about","95","verified","2026-08-16","2026-08-16"
"daniela romo","Daniela Romo","facebook","https://www.facebook.com/DanielaRomoPage","verified_musicbrainz_mapping+wikidata_social_identifier+verified_spotify_mapping","http://www.wikidata.org/entity/Q422853","95","verified","2026-08-16","2026-08-16"
"daniela romo","Daniela Romo","facebook","http://www.facebook.com/DanielaRomoPage","verified_youtube_channel+channel_about_external_link","https://www.youtube.com/channel/UCe80MlMhu2xGCs9TIpdfxgg/about","95","verified","2026-08-16","2026-08-16"
"daniela romo","Daniela Romo","instagram","https://www.instagram.com/danielaromoweb","verified_musicbrainz_mapping+wikidata_social_identifier+verified_spotify_mapping","http://www.wikidata.org/entity/Q422853","95","verified","2026-08-16","2026-08-16"
"daniela romo","Daniela Romo","instagram","http://instagram.com/danielaromoweb","verified_youtube_channel+channel_about_external_link","https://www.youtube.com/channel/UCe80MlMhu2xGCs9TIpdfxgg/about","95","verified","2026-08-16","2026-08-16"
"daniela romo","Daniela Romo","tiktok","https://www.tiktok.com/@danielaromoweb","verified_youtube_channel+channel_about_external_link","https://www.youtube.com/channel/UCe80MlMhu2xGCs9TIpdfxgg/about","95","verified","2026-08-16","2026-08-16"
"daniela romo","Daniela Romo","twitter","https://x.com/DanielaRomoWeb","verified_musicbrainz_mapping+wikidata_social_identifier+verified_spotify_mapping","http://www.wikidata.org/entity/Q422853","95","verified","2026-08-16","2026-08-16"
"daniela romo","Daniela Romo","twitter","http://twitter.com/DanielaRomoWeb","verified_youtube_channel+channel_about_external_link","https://www.youtube.com/channel/UCe80MlMhu2xGCs9TIpdfxgg/about","95","verified","2026-08-16","2026-08-16"
"danna paola","Danna Paola","facebook","https://www.facebook.com/DannaPaola","verified_youtube_channel+channel_about_external_link","https://www.youtube.com/channel/UCyxyxzsEQ2dqKlK6n4_osow/about","95","verified","2026-08-16","2026-08-16"
"danna paola","Danna Paola","instagram","https://www.instagram.com/danna","verified_musicbrainz_mapping+wikidata_social_identifier+verified_spotify_mapping","http://www.wikidata.org/entity/Q138824","95","verified","2026-08-16","2026-08-16"
"danna paola","Danna Paola","instagram","https://www.instagram.com/dannapaola","verified_youtube_channel+channel_about_external_link","https://www.youtube.com/channel/UCyxyxzsEQ2dqKlK6n4_osow/about","95","verified","2026-08-16","2026-08-16"
"danna paola","Danna Paola","tiktok","https://www.tiktok.com/@danna","verified_musicbrainz_mapping+wikidata_social_identifier+verified_spotify_mapping","http://www.wikidata.org/entity/Q138824","95","verified","2026-08-16","2026-08-16"
"danna paola","Danna Paola","twitter","https://x.com/dannajustdanna","verified_musicbrainz_mapping+wikidata_social_identifier+verified_spotify_mapping","http://www.wikidata.org/entity/Q138824","95","verified","2026-08-16","2026-08-16"
"danna paola","Danna Paola","twitter","https://twitter.com/dan","verified_youtube_channel+channel_about_external_link","https://www.youtube.com/channel/UCyxyxzsEQ2dqKlK6n4_osow/about","95","verified","2026-08-16","2026-08-16"
"dannylux","DannyLux","facebook","https://www.facebook.com/Dannyluxoficial","verified_youtube_channel+channel_about_external_link","https://www.youtube.com/channel/UC9c0MetuvFBgpKwk1cDSQWw/about","95","verified","2026-08-16","2026-08-16"
"dannylux","DannyLux","instagram","https://www.instagram.com/dannyluxfr","verified_youtube_channel+channel_about_external_link","https://www.youtube.com/channel/UC9c0MetuvFBgpKwk1cDSQWw/about","95","verified","2026-08-16","2026-08-16"
"dannylux","DannyLux","tiktok","https://www.tiktok.com/@dannyluxfr","verified_youtube_channel+channel_about_external_link","https://www.youtube.com/channel/UC9c0MetuvFBgpKwk1cDSQWw/about","95","verified","2026-08-16","2026-08-16"
"de parranda","De Parranda","facebook","https://www.facebook.com/DeParrandaLives","verified_youtube_channel+channel_about_external_link","https://www.youtube.com/channel/UC7rGQF-i5klruRDk3rOm9gQ/about","95","verified","2026-08-16","2026-08-16"
"de parranda","De Parranda","instagram","https://www.instagram.com/deparranda_oficial","verified_youtube_channel+channel_about_external_link","https://www.youtube.com/channel/UC7rGQF-i5klruRDk3rOm9gQ/about","95","verified","2026-08-16","2026-08-16"
"de parranda","De Parranda","tiktok","https://www.tiktok.com/@deparranda_oficial","verified_youtube_channel+channel_about_external_link","https://www.youtube.com/channel/UC7rGQF-i5klruRDk3rOm9gQ/about","95","verified","2026-08-16","2026-08-16"
"de parranda","De Parranda","twitter","https://mobile.twitter.com/deparranda_dp","verified_youtube_channel+channel_about_external_link","https://www.youtube.com/channel/UC7rGQF-i5klruRDk3rOm9gQ/about","95","verified","2026-08-16","2026-08-16"
"diego verdaguer","Diego Verdaguer","facebook","https://www.facebook.com/DiegoVerdaguer","verified_musicbrainz_mapping+wikidata_social_identifier+verified_spotify_mapping","http://www.wikidata.org/entity/Q5274838","95","verified","2026-08-16","2026-08-16"
"diego verdaguer","Diego Verdaguer","facebook","http://www.facebook.com/DiegoVerdaguer","verified_youtube_channel+channel_about_external_link","https://www.youtube.com/channel/UCdxTLQg6fu4kTmTDNL7NE9Q/about","95","verified","2026-08-16","2026-08-16"
"diego verdaguer","Diego Verdaguer","instagram","https://www.instagram.com/diegoverdaguer","verified_musicbrainz_mapping+wikidata_social_identifier+verified_spotify_mapping","http://www.wikidata.org/entity/Q5274838","95","verified","2026-08-16","2026-08-16"
"diego verdaguer","Diego Verdaguer","instagram","https://instagram.com/diegoverdaguer","verified_youtube_channel+channel_about_external_link","https://www.youtube.com/channel/UCdxTLQg6fu4kTmTDNL7NE9Q/about","95","verified","2026-08-16","2026-08-16"
"diego verdaguer","Diego Verdaguer","twitter","https://x.com/diegoverdaguer","verified_musicbrainz_mapping+wikidata_social_identifier+verified_spotify_mapping","http://www.wikidata.org/entity/Q5274838","95","verified","2026-08-16","2026-08-16"
"diego verdaguer","Diego Verdaguer","twitter","http://twitter.com/diegoverdaguer","verified_youtube_channel+channel_about_external_link","https://www.youtube.com/channel/UCdxTLQg6fu4kTmTDNL7NE9Q/about","95","verified","2026-08-16","2026-08-16"
"diferente nivel","Diferente Nivel","facebook","https://es-la.facebook.com/Diferenteniveloficial","verified_youtube_channel+channel_about_external_link","https://www.youtube.com/channel/UCXmm-cahuB1HASg0-Noixjg/about","95","verified","2026-08-16","2026-08-16"
"diferente nivel","Diferente Nivel","instagram","https://www.instagram.com/diferenteniveloficial","verified_youtube_channel+channel_about_external_link","https://www.youtube.com/channel/UCXmm-cahuB1HASg0-Noixjg/about","95","verified","2026-08-16","2026-08-16"
"diferente nivel","Diferente Nivel","tiktok","https://www.tiktok.com/@diferenteniveloficial","verified_youtube_channel+channel_about_external_link","https://www.youtube.com/channel/UCXmm-cahuB1HASg0-Noixjg/about","95","verified","2026-08-16","2026-08-16"
"diferente nivel","Diferente Nivel","twitter","https://twitter.com/DiferenteNivel5","verified_youtube_channel+channel_about_external_link","https://www.youtube.com/channel/UCXmm-cahuB1HASg0-Noixjg/about","95","verified","2026-08-16","2026-08-16"
"dinamicos jrs","Dinamicos Jrs","facebook","https://www.facebook.com/DinamicosJrs1","verified_youtube_channel+channel_about_external_link","https://www.youtube.com/channel/UCyNpTeoZ5jBgSj7WvHAc3hg/about","95","verified","2026-08-16","2026-08-16"
"dinamicos jrs","Dinamicos Jrs","instagram","https://www.instagram.com/dinamicosjrsoficial","verified_youtube_channel+channel_about_external_link","https://www.youtube.com/channel/UCyNpTeoZ5jBgSj7WvHAc3hg/about","95","verified","2026-08-16","2026-08-16"
"dinamicos jrs","Dinamicos Jrs","tiktok","https://www.tiktok.com/@dinamicosjrsoficial","verified_youtube_channel+channel_about_external_link","https://www.youtube.com/channel/UCyNpTeoZ5jBgSj7WvHAc3hg/about","95","verified","2026-08-16","2026-08-16"
"dulce maria","Dulce Maria","facebook","https://www.facebook.com/dulcemariaoficialfb","verified_musicbrainz_mapping+wikidata_social_identifier+verified_spotify_mapping+verified_youtube_identity_mapping","http://www.wikidata.org/entity/Q237387","95","verified","2026-08-16","2026-08-16"
"dulce maria","Dulce Maria","facebook","https://es-la.facebook.com/dulcemariaoficialfb","verified_youtube_channel+channel_about_external_link","https://www.youtube.com/channel/UCwsYvBbWfLjm7p8ZPNAO6lg/about","95","verified","2026-08-16","2026-08-16"
"dulce maria","Dulce Maria","instagram","https://www.instagram.com/dulcemaria","verified_musicbrainz_mapping+wikidata_social_identifier+verified_spotify_mapping+verified_youtube_identity_mapping+verified_youtube_channel+channel_about_external_link","http://www.wikidata.org/entity/Q237387 | https://www.youtube.com/channel/UCwsYvBbWfLjm7p8ZPNAO6lg/about","95","verified","2026-08-16","2026-08-16"
"dulce maria","Dulce Maria","twitter","https://x.com/DulceMaria","verified_musicbrainz_mapping+wikidata_social_identifier+verified_spotify_mapping+verified_youtube_identity_mapping","http://www.wikidata.org/entity/Q237387","95","verified","2026-08-16","2026-08-16"
"dulce maria","Dulce Maria","twitter","http://www.twitter.com/dulcemaria","verified_youtube_channel+channel_about_external_link","https://www.youtube.com/channel/UCwsYvBbWfLjm7p8ZPNAO6lg/about","95","verified","2026-08-16","2026-08-16"
"eden munoz","Eden Muñoz","facebook","https://www.facebook.com/EdenMunozOficial","verified_youtube_channel+channel_about_external_link","https://www.youtube.com/channel/UCJm7UPWbVhuNe3achnRi8iA/about","95","verified","2026-08-16","2026-08-16"
"eden munoz","Eden Muñoz","instagram","https://www.instagram.com/calibre50_eden","verified_musicbrainz_mapping+wikidata_social_identifier+verified_youtube_identity_mapping","http://www.wikidata.org/entity/Q33709281","95","verified","2026-08-16","2026-08-16"
"eden munoz","Eden Muñoz","instagram","https://www.instagram.com/edenmunoz","verified_musicbrainz_mapping+wikidata_social_identifier+verified_youtube_identity_mapping+verified_youtube_channel+channel_about_external_link","http://www.wikidata.org/entity/Q33709281 | https://www.youtube.com/channel/UCJm7UPWbVhuNe3achnRi8iA/about","95","verified","2026-08-16","2026-08-16"
"eden munoz","Eden Muñoz","tiktok","https://www.tiktok.com/@edenmunoz1","verified_youtube_channel+channel_about_external_link","https://www.youtube.com/channel/UCJm7UPWbVhuNe3achnRi8iA/about","95","verified","2026-08-16","2026-08-16"
"edgardo nunez","Edgardo Nuñez","facebook","https://www.facebook.com/EdgardoNunezOficial","verified_youtube_channel+channel_about_external_link","https://www.youtube.com/channel/UCjHBuYqwUGmxEVWFhFnha-w/about","95","verified","2026-08-16","2026-08-16"
"edgardo nunez","Edgardo Nuñez","instagram","https://www.instagram.com/edgardo","verified_youtube_channel+channel_about_external_link","https://www.youtube.com/channel/UCjHBuYqwUGmxEVWFhFnha-w/about","95","verified","2026-08-16","2026-08-16"
"edgardo nunez","Edgardo Nuñez","tiktok","https://www.tiktok.com/@edgardo_nunez","verified_youtube_channel+channel_about_external_link","https://www.youtube.com/channel/UCjHBuYqwUGmxEVWFhFnha-w/about","95","verified","2026-08-16","2026-08-16"
"edwin luna y la trakalosa de monterrey","Edwin Luna y La Trakalosa de Monterrey","facebook","https://www.facebook.com/BandaTrakalosa1","verified_musicbrainz_mapping+live_musicbrainz_url_relationship","","90","verified","2026-08-16","2026-08-16"
"edwin luna y la trakalosa de monterrey","Edwin Luna y La Trakalosa de Monterrey","instagram","https://www.instagram.com/latrakalosaoficial","verified_musicbrainz_mapping+live_musicbrainz_url_relationship","","90","verified","2026-08-16","2026-08-16"
"el as de la sierra","El As De La Sierra","facebook","https://www.facebook.com/jh.elasdelasierra","verified_youtube_channel+channel_about_external_link","https://www.youtube.com/channel/UC0sNEz_o5yYa62nrFCBRb9Q/about","95","verified","2026-08-16","2026-08-16"
"el as de la sierra","El As De La Sierra","instagram","https://www.instagram.com/jh_elasdelasierra","verified_youtube_channel+channel_about_external_link","https://www.youtube.com/channel/UC0sNEz_o5yYa62nrFCBRb9Q/about","95","verified","2026-08-16","2026-08-16"
"el bebeto","El Bebeto","facebook","https://www.facebook.com/elbebeto.com.mx","verified_youtube_channel+channel_about_external_link","https://www.youtube.com/channel/UCxhN_JVPRjHPtWaHFgPUpZA/about","95","verified","2026-08-16","2026-08-16"
"el bebeto","El Bebeto","instagram","https://www.instagram.com/bebetooficial","verified_musicbrainz_mapping+wikidata_social_identifier+verified_spotify_mapping+verified_youtube_identity_mapping","http://www.wikidata.org/entity/Q98139741","95","verified","2026-08-16","2026-08-16"
"el bebeto","El Bebeto","instagram","https://instagram.com/BebetoOficial","verified_youtube_channel+channel_about_external_link","https://www.youtube.com/channel/UCxhN_JVPRjHPtWaHFgPUpZA/about","95","verified","2026-08-16","2026-08-16"
"el bebeto","El Bebeto","tiktok","https://www.tiktok.com/@elbebeto","verified_youtube_channel+channel_about_external_link","https://www.youtube.com/channel/UCxhN_JVPRjHPtWaHFgPUpZA/about","95","verified","2026-08-16","2026-08-16"
"el bebeto","El Bebeto","twitter","https://x.com/el_bebeto","verified_musicbrainz_mapping+wikidata_social_identifier+verified_spotify_mapping+verified_youtube_identity_mapping","http://www.wikidata.org/entity/Q98139741","95","verified","2026-08-16","2026-08-16"
"el bogueto","El Bogueto","facebook","https://www.facebook.com/b.og.mx20","verified_youtube_channel+channel_about_external_link","https://www.youtube.com/channel/UC-6lK20fJE_YVW_nshsDwaA/about","95","verified","2026-08-16","2026-08-16"
"el bogueto","El Bogueto","instagram","https://www.instagram.com/elbogueto","verified_spotify_mapping+wikidata_social_identifier+verified_youtube_identity_mapping+verified_youtube_channel+channel_about_external_link","http://www.wikidata.org/entity/Q131416985 | https://www.youtube.com/channel/UC-6lK20fJE_YVW_nshsDwaA/about","95","verified","2026-08-16","2026-08-16"
"el bogueto","El Bogueto","tiktok","https://www.tiktok.com/@elboguetobrrr","verified_youtube_channel+channel_about_external_link","https://www.youtube.com/channel/UC-6lK20fJE_YVW_nshsDwaA/about","95","verified","2026-08-16","2026-08-16"
"el cartel de nuevo leon","El Cartel de Nuevo Leon","instagram","https://www.instagram.com/elcarteldenuevoleon","verified_youtube_channel+channel_about_external_link","https://www.youtube.com/channel/UCN7FySFq-2pgUBcnN6SUgkA/about","95","verified","2026-08-16","2026-08-16"
"el cartel de nuevo leon","El Cartel de Nuevo Leon","tiktok","https://www.tiktok.com/@lalopena.ecdnl","verified_youtube_channel+channel_about_external_link","https://www.youtube.com/channel/UCN7FySFq-2pgUBcnN6SUgkA/about","95","verified","2026-08-16","2026-08-16"
"el chapo de sinaloa","El Chapo De Sinaloa","facebook","https://www.facebook.com/elchapoodesinaloa","verified_youtube_channel+channel_about_external_link","https://www.youtube.com/channel/UCCfO9Dmk82SsAXKAeTi5QcA/about","95","verified","2026-08-16","2026-08-16"
"el chapo de sinaloa","El Chapo De Sinaloa","instagram","https://www.instagram.com/elchapo_oficial","verified_youtube_channel+channel_about_external_link","https://www.youtube.com/channel/UCCfO9Dmk82SsAXKAeTi5QcA/about","95","verified","2026-08-16","2026-08-16"
"el coyote y su banda tierra santa","El Coyote Y Su Banda Tierra Santa","facebook","https://www.facebook.com/lashuellasdelamo","verified_musicbrainz_mapping+live_musicbrainz_url_relationship","","90","verified","2026-08-16","2026-08-16"
"el de la guitarra","EL DE LA GUITARRA","facebook","https://www.facebook.com/ElDeLaGuitarraOficial","verified_youtube_channel+channel_about_external_link","https://www.youtube.com/channel/UCD8NaKkZS8PuUOHqop7AYOA/about","95","verified","2026-08-16","2026-08-16"
"el de la guitarra","EL DE LA GUITARRA","instagram","https://www.instagram.com/eldelaguitarra.oficial","verified_youtube_channel+channel_about_external_link","https://www.youtube.com/channel/UCD8NaKkZS8PuUOHqop7AYOA/about","95","verified","2026-08-16","2026-08-16"
"el de la guitarra","EL DE LA GUITARRA","tiktok","https://www.tiktok.com/@eldelaguitarra.rh","verified_youtube_channel+channel_about_external_link","https://www.youtube.com/channel/UCD8NaKkZS8PuUOHqop7AYOA/about","95","verified","2026-08-16","2026-08-16"
"el de la tinta","EL DE LA TINTA","instagram","https://www.instagram.com/eldelatinta_oficial/profilecard","verified_youtube_channel+channel_about_external_link","https://www.youtube.com/channel/UCAhyOrrBKBdAIHf0HtDXPKw/about","95","verified","2026-08-16","2026-08-16"
"el de la tinta","EL DE LA TINTA","tiktok","https://www.tiktok.com/@eldelatinta_oficial","verified_youtube_channel+channel_about_external_link","https://www.youtube.com/channel/UCAhyOrrBKBdAIHf0HtDXPKw/about","95","verified","2026-08-16","2026-08-16"
"el duelo","EL DUELO","facebook","https://www.facebook.com/thegroupduelo","verified_youtube_channel+channel_about_external_link","https://www.youtube.com/channel/UCnBJl5OoARoqJPn1mCRn9Ng/about","95","verified","2026-08-16","2026-08-16"
"el duelo","EL DUELO","instagram","https://www.instagram.com/thegroupduelo","verified_youtube_channel+channel_about_external_link","https://www.youtube.com/channel/UCnBJl5OoARoqJPn1mCRn9Ng/about","95","verified","2026-08-16","2026-08-16"
"el duelo","EL DUELO","tiktok","https://www.tiktok.com/@thegroupduelo","verified_youtube_channel+channel_about_external_link","https://www.youtube.com/channel/UCnBJl5OoARoqJPn1mCRn9Ng/about","95","verified","2026-08-16","2026-08-16"
"el duelo","EL DUELO","twitter","https://twitter.com/thegroupduelo","verified_youtube_channel+channel_about_external_link","https://www.youtube.com/channel/UCnBJl5OoARoqJPn1mCRn9Ng/about","95","verified","2026-08-16","2026-08-16"
"el fantasma","El Fantasma","facebook","https://www.facebook.com/elfantasmaoficial","verified_youtube_channel+channel_about_external_link","https://www.youtube.com/channel/UC9kHcAu8pGPY7PyKOnK7pfg/about","95","verified","2026-08-16","2026-08-16"
"el fantasma","El Fantasma","instagram","https://www.instagram.com/elfantasmaoficial","verified_musicbrainz_mapping+wikidata_social_identifier+verified_spotify_mapping+verified_youtube_identity_mapping+verified_youtube_channel+channel_about_external_link","http://www.wikidata.org/entity/Q98853525 | https://www.youtube.com/channel/UC9kHcAu8pGPY7PyKOnK7pfg/about","95","verified","2026-08-16","2026-08-16"
"el fantasma","El Fantasma","tiktok","https://www.tiktok.com/@elfantasma.oficial","verified_youtube_channel+channel_about_external_link","https://www.youtube.com/channel/UC9kHcAu8pGPY7PyKOnK7pfg/about","95","verified","2026-08-16","2026-08-16"
"el fantasma","El Fantasma","twitter","https://x.com/elfantasmamusic","verified_musicbrainz_mapping+wikidata_social_identifier+verified_spotify_mapping+verified_youtube_identity_mapping","http://www.wikidata.org/entity/Q98853525","95","verified","2026-08-16","2026-08-16"
"el komander","El Komander","facebook","http://www.facebook.com/El.Komander.Oficial","verified_youtube_channel+channel_about_external_link","https://www.youtube.com/channel/UC9p4UQmMMmg_9cR2vuRX3eQ/about","95","verified","2026-08-16","2026-08-16"
"el komander","El Komander","instagram","http://www.instagram.com/soyelkomander1","verified_youtube_channel+channel_about_external_link","https://www.youtube.com/channel/UC9p4UQmMMmg_9cR2vuRX3eQ/about","95","verified","2026-08-16","2026-08-16"
"el komander","El Komander","tiktok","http://www.tiktok.com/@alfreditokomander","verified_youtube_channel+channel_about_external_link","https://www.youtube.com/channel/UC9p4UQmMMmg_9cR2vuRX3eQ/about","95","verified","2026-08-16","2026-08-16"
"el komander","El Komander","twitter","http://www.twitter.com/el_komander1","verified_youtube_channel+channel_about_external_link","https://www.youtube.com/channel/UC9p4UQmMMmg_9cR2vuRX3eQ/about","95","verified","2026-08-16","2026-08-16"
"el mimoso","El Mimoso","facebook","https://www.facebook.com/mimosoyooficial","verified_youtube_identity_mapping+wikidata_social_identifier","http://www.wikidata.org/entity/Q99883999","95","verified","2026-08-16","2026-08-16"
"el mimoso","El Mimoso","facebook","https://www.facebook.com/ElMimosoOficial","verified_youtube_channel+channel_about_external_link","https://www.youtube.com/channel/UCOMwD1nrJZ6-0Ml5KyanVSg/about","95","verified","2026-08-16","2026-08-16"
"el mimoso","El Mimoso","instagram","https://www.instagram.com/mimosoyo","verified_youtube_identity_mapping+wikidata_social_identifier","http://www.wikidata.org/entity/Q99883999","95","verified","2026-08-16","2026-08-16"
"el mimoso","El Mimoso","instagram","https://instagram.com/mimosoyo","verified_youtube_channel+channel_about_external_link","https://www.youtube.com/channel/UCOMwD1nrJZ6-0Ml5KyanVSg/about","95","verified","2026-08-16","2026-08-16"
"el mimoso","El Mimoso","tiktok","https://www.tiktok.com/@elmimosoficial","verified_youtube_channel+channel_about_external_link","https://www.youtube.com/channel/UCOMwD1nrJZ6-0Ml5KyanVSg/about","95","verified","2026-08-16","2026-08-16"
"el mimoso","El Mimoso","twitter","https://x.com/mimosoyo","verified_youtube_identity_mapping+wikidata_social_identifier","http://www.wikidata.org/entity/Q99883999","95","verified","2026-08-16","2026-08-16"
"el mimoso","El Mimoso","twitter","https://twitter.com/mimosoyo","verified_youtube_channel+channel_about_external_link","https://www.youtube.com/channel/UCOMwD1nrJZ6-0Ml5KyanVSg/about","95","verified","2026-08-16","2026-08-16"
"el padrinito toys","El Padrinito Toys","facebook","https://www.facebook.com/elpadrinitotoysoficial","verified_youtube_channel+channel_about_external_link","https://www.youtube.com/channel/UC8xs-Y5_b4fcsxQgBjH4mhQ/about","95","verified","2026-08-16","2026-08-16"
"el padrinito toys","El Padrinito Toys","instagram","https://www.instagram.com/elpadrinitotoys","verified_youtube_channel+channel_about_external_link","https://www.youtube.com/channel/UC8xs-Y5_b4fcsxQgBjH4mhQ/about","95","verified","2026-08-16","2026-08-16"
"el padrinito toys","El Padrinito Toys","tiktok","https://www.tiktok.com/@elpadrinitotoys","verified_youtube_channel+channel_about_external_link","https://www.youtube.com/channel/UC8xs-Y5_b4fcsxQgBjH4mhQ/about","95","verified","2026-08-16","2026-08-16"
"el poder del norte","El Poder Del Norte","facebook","https://www.facebook.com/El-Poder-OnLine-271273226261231","verified_musicbrainz_mapping+wikidata_social_identifier","http://www.wikidata.org/entity/Q5351854","95","verified","2026-08-16","2026-08-16"
"el poder del norte","El Poder Del Norte","twitter","https://x.com/ElPoderOnLine","verified_musicbrainz_mapping+wikidata_social_identifier","http://www.wikidata.org/entity/Q5351854","95","verified","2026-08-16","2026-08-16"
"el potro de sinaloa","El Potro De Sinaloa","facebook","https://www.facebook.com/ElPotroDeSinaloaMusica","verified_musicbrainz_mapping+wikidata_social_identifier","http://www.wikidata.org/entity/Q5351886","95","verified","2026-08-16","2026-08-16"
"el potro de sinaloa","El Potro De Sinaloa","facebook","https://www.facebook.com/ElPotroDeSinaloaofficial","verified_youtube_channel+channel_about_external_link","https://www.youtube.com/channel/UCHxZ-lV2Ajzic4OPQOQuabg/about","95","verified","2026-08-16","2026-08-16"
"el potro de sinaloa","El Potro De Sinaloa","instagram","https://www.instagram.com/elpotrodesinaloa","verified_musicbrainz_mapping+wikidata_social_identifier","http://www.wikidata.org/entity/Q5351886","95","verified","2026-08-16","2026-08-16"
"el randal","El Randal","facebook","https://www.facebook.com/profile.php","verified_youtube_channel+channel_about_external_link+duplicate_catalog_assignment","https://www.youtube.com/channel/UCuYalqC23O2I9Ng7EhJCnRA/about","60","review","2026-08-16",""
"el randal","El Randal","instagram","https://www.instagram.com/elrandalll","verified_youtube_channel+channel_about_external_link","https://www.youtube.com/channel/UCuYalqC23O2I9Ng7EhJCnRA/about","95","verified","2026-08-16","2026-08-16"
"el randal","El Randal","tiktok","https://www.tiktok.com/@elrandalll","verified_youtube_channel+channel_about_external_link","https://www.youtube.com/channel/UCuYalqC23O2I9Ng7EhJCnRA/about","95","verified","2026-08-16","2026-08-16"
"el tigrillo palma","El Tigrillo Palma","facebook","https://www.facebook.com/ElTigrilloPalmaOficial","verified_musicbrainz_mapping+live_musicbrainz_url_relationship","","90","verified","2026-08-16","2026-08-16"
"el tigrillo palma","El Tigrillo Palma","instagram","https://www.instagram.com/eltigrillopalma","verified_musicbrainz_mapping+live_musicbrainz_url_relationship","","90","verified","2026-08-16","2026-08-16"
"el trono de mexico","El Trono de Mexico","facebook","https://www.facebook.com/eltronodemexico","verified_musicbrainz_mapping+wikidata_social_identifier+verified_spotify_mapping","http://www.wikidata.org/entity/Q5352290","95","verified","2026-08-16","2026-08-16"
"el trono de mexico","El Trono de Mexico","instagram","https://www.instagram.com/tronodemexico","verified_youtube_channel+channel_about_external_link","https://www.youtube.com/channel/UC7QCc80oXrM4-hLrhhp9zzw/about","95","verified","2026-08-16","2026-08-16"
"el trono de mexico","El Trono de Mexico","twitter","https://x.com/eltronodemexico","verified_musicbrainz_mapping+wikidata_social_identifier+verified_spotify_mapping","http://www.wikidata.org/entity/Q5352290","95","verified","2026-08-16","2026-08-16"
"el trono de mexico","El Trono de Mexico","twitter","https://twitter.com/ElTronodeMexico","verified_youtube_channel+channel_about_external_link","https://www.youtube.com/channel/UC7QCc80oXrM4-hLrhhp9zzw/about","95","verified","2026-08-16","2026-08-16"
"el yaki","El Yaki","facebook","https://www.facebook.com/elyakioficial","verified_youtube_channel+channel_about_external_link","https://www.youtube.com/channel/UCZNst0MmGWVQa2ZffVQU5_g/about","95","verified","2026-08-16","2026-08-16"
"el yaki","El Yaki","instagram","http://instagram.com/elyakioficial","verified_youtube_channel+channel_about_external_link","https://www.youtube.com/channel/UCZNst0MmGWVQa2ZffVQU5_g/about","95","verified","2026-08-16","2026-08-16"
"el yaki","El Yaki","twitter","https://twitter.com/Luiselyaki","verified_youtube_channel+channel_about_external_link","https://www.youtube.com/channel/UCZNst0MmGWVQa2ZffVQU5_g/about","95","verified","2026-08-16","2026-08-16"
"emmanuel","Emmanuel","facebook","https://www.facebook.com/EmmanuelOficial","verified_musicbrainz_mapping+wikidata_social_identifier","http://www.wikidata.org/entity/Q329729","95","verified","2026-08-16","2026-08-16"
"emmanuel","Emmanuel","instagram","https://www.instagram.com/emmanueloficial","verified_musicbrainz_mapping+wikidata_social_identifier","http://www.wikidata.org/entity/Q329729","95","verified","2026-08-16","2026-08-16"
"emmanuel","Emmanuel","twitter","https://x.com/emmanueloficial","verified_musicbrainz_mapping+wikidata_social_identifier","http://www.wikidata.org/entity/Q329729","95","verified","2026-08-16","2026-08-16"
"emmanuellcortess","emmanuellcortess_","facebook","https://www.facebook.com/emmanuel.cortes.295304","recent_artist_press_release_with_booking_contacts","https://radionotas.com/2025/09/04/emmanuel-cortes-busca-conquistar-la-escena-radiofonica-regalando-mucho-amor/","85","verified","2026-08-16",""
"emmanuellcortess","emmanuellcortess_","instagram","https://www.instagram.com/emmanuellcortessss","recent_artist_press_release_with_booking_contacts","https://radionotas.com/2025/09/04/emmanuel-cortes-busca-conquistar-la-escena-radiofonica-regalando-mucho-amor/","90","verified","2026-08-16",""
"emmanuellcortess","emmanuellcortess_","tiktok","https://www.tiktok.com/@emmanuellcortess_","recent_artist_press_release_with_booking_contacts","https://radionotas.com/2025/09/04/emmanuel-cortes-busca-conquistar-la-escena-radiofonica-regalando-mucho-amor/","90","verified","2026-08-16",""
"enigma norteno","Enigma Norteño","facebook","http://www.facebook.com/enigmanorteno","verified_youtube_channel+channel_about_external_link","https://www.youtube.com/channel/UCK-fLQw2hI7AaVHpLro5_oA/about","95","verified","2026-08-16","2026-08-16"
"enigma norteno","Enigma Norteño","instagram","http://www.instagram.com/enigmanorteno","verified_youtube_channel+channel_about_external_link","https://www.youtube.com/channel/UCK-fLQw2hI7AaVHpLro5_oA/about","95","verified","2026-08-16","2026-08-16"
"enigma norteno","Enigma Norteño","tiktok","http://www.tiktok.com/@enigmanorteno","verified_youtube_channel+channel_about_external_link","https://www.youtube.com/channel/UCK-fLQw2hI7AaVHpLro5_oA/about","95","verified","2026-08-16","2026-08-16"
"enigma norteno","Enigma Norteño","twitter","http://www.twitter.com/enigmanorteno","verified_youtube_channel+channel_about_external_link","https://www.youtube.com/channel/UCK-fLQw2hI7AaVHpLro5_oA/about","95","verified","2026-08-16","2026-08-16"
"esau ortiz","Esau Ortiz","facebook","https://www.facebook.com/esau.ortiz.7923","verified_youtube_channel+channel_about_external_link","https://www.youtube.com/channel/UCV2FtvQcTffuwkICWNvLeDQ/about","95","verified","2026-08-16","2026-08-16"
"esau ortiz","Esau Ortiz","instagram","https://www.instagram.com/esau.ortiz_","verified_youtube_channel+channel_about_external_link","https://www.youtube.com/channel/UCV2FtvQcTffuwkICWNvLeDQ/about","95","verified","2026-08-16","2026-08-16"
"esau ortiz","Esau Ortiz","tiktok","https://www.tiktok.com/@esauortiz29","verified_youtube_channel+channel_about_external_link","https://www.youtube.com/channel/UCV2FtvQcTffuwkICWNvLeDQ/about","95","verified","2026-08-16","2026-08-16"
"eslabon armado","Eslabon Armado","tiktok","https://www.tiktok.com/@eslabonarmadooficial","verified_youtube_channel+channel_about_external_link","https://www.youtube.com/channel/UCE7RM8YvsgoJdXvYsWn2wbw/about","95","verified","2026-08-16","2026-08-16"
"esperon","Esperón","facebook","https://www.facebook.com/EsperonOficial","verified_youtube_channel+channel_about_external_link","https://www.youtube.com/channel/UCAd2i_6WeGwyeeJ-zmcdJgg/about","95","verified","2026-08-16","2026-08-16"
"esperon","Esperón","instagram","https://www.instagram.com/esperon.mx","verified_youtube_channel+channel_about_external_link","https://www.youtube.com/channel/UCAd2i_6WeGwyeeJ-zmcdJgg/about","95","verified","2026-08-16","2026-08-16"
"esperon","Esperón","twitter","https://twitter.com/Esperon__","verified_youtube_channel+channel_about_external_link","https://www.youtube.com/channel/UCAd2i_6WeGwyeeJ-zmcdJgg/about","95","verified","2026-08-16","2026-08-16"
"espinoza paz","Espinoza Paz","facebook","https://www.facebook.com/EspinozaPaz","verified_youtube_channel+channel_about_external_link","https://www.youtube.com/channel/UCSN8m0p-1RNoNljhNawQRhA/about","95","verified","2026-08-16","2026-08-16"
"espinoza paz","Espinoza Paz","instagram","https://www.instagram.com/espinozapaz","verified_musicbrainz_mapping+wikidata_social_identifier+verified_spotify_mapping+verified_youtube_channel+channel_about_external_link","http://www.wikidata.org/entity/Q3373418 | https://www.youtube.com/channel/UCSN8m0p-1RNoNljhNawQRhA/about","95","verified","2026-08-16","2026-08-16"
"espinoza paz","Espinoza Paz","tiktok","https://www.tiktok.com/@espinozapaz","verified_youtube_channel+channel_about_external_link","https://www.youtube.com/channel/UCSN8m0p-1RNoNljhNawQRhA/about","95","verified","2026-08-16","2026-08-16"
"espinoza paz","Espinoza Paz","twitter","https://x.com/EspinozaOficial","verified_musicbrainz_mapping+wikidata_social_identifier+verified_spotify_mapping","http://www.wikidata.org/entity/Q3373418","95","verified","2026-08-16","2026-08-16"
"espinoza paz","Espinoza Paz","twitter","https://twitter.com/espinozaoficial","verified_youtube_channel+channel_about_external_link","https://www.youtube.com/channel/UCSN8m0p-1RNoNljhNawQRhA/about","95","verified","2026-08-16","2026-08-16"
"estevan plazola","Estevan Plazola","instagram","https://www.instagram.com/estevanplazola","verified_musicbrainz_mapping+live_musicbrainz_url_relationship","","90","verified","2026-08-16","2026-08-16"
"ezequiel pena","Ezequiel Peña","facebook","https://www.facebook.com/chequepenapaginaoficial","verified_youtube_channel+channel_about_external_link","https://www.youtube.com/channel/UCxJGt58noEUO3mTQg3nUx2A/about","95","verified","2026-08-16","2026-08-16"
"ezequiel pena","Ezequiel Peña","instagram","https://www.instagram.com/chequepena","verified_youtube_channel+channel_about_external_link","https://www.youtube.com/channel/UCxJGt58noEUO3mTQg3nUx2A/about","95","verified","2026-08-16","2026-08-16"
"ezequiel pena","Ezequiel Peña","tiktok","https://www.tiktok.com/@chequepena","verified_youtube_channel+channel_about_external_link","https://www.youtube.com/channel/UCxJGt58noEUO3mTQg3nUx2A/about","95","verified","2026-08-16","2026-08-16"
"farid dieck","Farid Dieck","facebook","https://www.facebook.com/faridieck","verified_youtube_channel+channel_about_external_link","https://www.youtube.com/channel/UC83J3suUsNnOacIkqOyKvhw/about","95","verified","2026-08-16","2026-08-16"
"farid dieck","Farid Dieck","instagram","https://www.instagram.com/faridieck","verified_youtube_channel+channel_about_external_link","https://www.youtube.com/channel/UC83J3suUsNnOacIkqOyKvhw/about","95","verified","2026-08-16","2026-08-16"
"farid dieck","Farid Dieck","tiktok","https://www.tiktok.com/@faridieck","verified_youtube_channel+channel_about_external_link","https://www.youtube.com/channel/UC83J3suUsNnOacIkqOyKvhw/about","95","verified","2026-08-16","2026-08-16"
"farid dieck","Farid Dieck","twitter","https://twitter.com/faridieck","verified_youtube_channel+channel_about_external_link","https://www.youtube.com/channel/UC83J3suUsNnOacIkqOyKvhw/about","95","verified","2026-08-16","2026-08-16"
"fidel rueda","Fidel Rueda","facebook","https://www.facebook.com/FidelRueda","verified_youtube_channel+channel_about_external_link","https://www.youtube.com/channel/UCedd-RlAp0pa0zGqa9OixZA/about","95","verified","2026-08-16","2026-08-16"
"fidel rueda","Fidel Rueda","instagram","https://www.instagram.com/fidelruedaoficial","verified_musicbrainz_mapping+wikidata_social_identifier+verified_spotify_mapping+verified_youtube_identity_mapping","http://www.wikidata.org/entity/Q5861588","95","verified","2026-08-16","2026-08-16"
"fidel rueda","Fidel Rueda","instagram","http://instagram.com/fidelruedaoficial","verified_youtube_channel+channel_about_external_link","https://www.youtube.com/channel/UCedd-RlAp0pa0zGqa9OixZA/about","95","verified","2026-08-16","2026-08-16"
"fidel rueda","Fidel Rueda","twitter","https://x.com/Cfidelrueda","verified_musicbrainz_mapping+wikidata_social_identifier+verified_spotify_mapping+verified_youtube_identity_mapping","http://www.wikidata.org/entity/Q5861588","95","verified","2026-08-16","2026-08-16"
"fidel rueda","Fidel Rueda","twitter","https://twitter.com/cfidelrueda","verified_youtube_channel+channel_about_external_link","https://www.youtube.com/channel/UCedd-RlAp0pa0zGqa9OixZA/about","95","verified","2026-08-16","2026-08-16"
"fito olivares y la pura sabrosura","Fito Olivares Y La Pura Sabrosura","facebook","https://www.facebook.com/profile.php","verified_youtube_channel+channel_about_external_link+duplicate_catalog_assignment","https://www.youtube.com/channel/UC6DroPTkPku8GhTDeG7JB5A/about","60","review","2026-08-16",""
"fuerza regida","Fuerza Regida","facebook","https://www.facebook.com/fuerzaregida","verified_musicbrainz_mapping+wikidata_social_identifier+verified_spotify_mapping+verified_youtube_identity_mapping","http://www.wikidata.org/entity/Q118466501","95","verified","2026-08-16","2026-08-16"
"fuerza regida","Fuerza Regida","instagram","https://www.instagram.com/fuerzaregida","verified_musicbrainz_mapping+wikidata_social_identifier+verified_spotify_mapping+verified_youtube_identity_mapping","http://www.wikidata.org/entity/Q118466501","95","verified","2026-08-16","2026-08-16"
"fuerza regida","Fuerza Regida","tiktok","https://www.tiktok.com/@fuerzaregida","verified_musicbrainz_mapping+wikidata_social_identifier+verified_spotify_mapping+verified_youtube_identity_mapping","http://www.wikidata.org/entity/Q118466501","95","verified","2026-08-16","2026-08-16"
"fuerza regida","Fuerza Regida","twitter","https://x.com/FuerzaRegidafr","verified_musicbrainz_mapping+wikidata_social_identifier+verified_spotify_mapping+verified_youtube_identity_mapping","http://www.wikidata.org/entity/Q118466501","95","verified","2026-08-16","2026-08-16"
"gabito ballesteros","Gabito Ballesteros","instagram","https://www.instagram.com/gabitoballesteros","verified_youtube_channel+channel_about_external_link","https://www.youtube.com/channel/UCwXOir2rOedINl5PcB4dYqw/about","95","verified","2026-08-16","2026-08-16"
"gabito ballesteros","Gabito Ballesteros","instagram","https://instagram.com/gabitoballesteros","official_linktree_manual_review","https://linktr.ee/gabitoballesteros","95","verified","2026-08-16",""
"gabito ballesteros","Gabito Ballesteros","tiktok","https://www.tiktok.com/@gabitoballesteros","verified_youtube_channel+channel_about_external_link","https://www.youtube.com/channel/UCwXOir2rOedINl5PcB4dYqw/about","95","verified","2026-08-16","2026-08-16"
"gabito ballesteros","Gabito Ballesteros","tiktok","https://tiktok.com/@gabitoballesteros","official_linktree_manual_review","https://linktr.ee/gabitoballesteros","95","verified","2026-08-16",""
"gerardo coronel","Gerardo Coronel","facebook","https://www.facebook.com/eljerryoficial","verified_youtube_channel+channel_about_external_link","https://www.youtube.com/channel/UCy8fj_SsFy11IE6EH5gjJtA/about","95","verified","2026-08-16","2026-08-16"
"gerardo coronel","Gerardo Coronel","instagram","https://www.instagram.com/eljerry__oficial","verified_youtube_channel+channel_about_external_link","https://www.youtube.com/channel/UCy8fj_SsFy11IE6EH5gjJtA/about","95","verified","2026-08-16","2026-08-16"
"gerardo coronel","Gerardo Coronel","tiktok","https://www.tiktok.com/@gerardocoronel_eljerry","verified_youtube_channel+channel_about_external_link","https://www.youtube.com/channel/UCy8fj_SsFy11IE6EH5gjJtA/about","95","verified","2026-08-16","2026-08-16"
"gerardo diaz y su gerarquia","GERARDO DIAZ Y SU GERARQUIA","facebook","https://www.facebook.com/GerardoDiazYSuGerarquia","verified_musicbrainz_mapping+live_musicbrainz_url_relationship","","90","verified","2026-08-16","2026-08-16"
"gerardo diaz y su gerarquia","GERARDO DIAZ Y SU GERARQUIA","instagram","https://www.instagram.com/gerardodiazysugerarquia","verified_musicbrainz_mapping+live_musicbrainz_url_relationship","","90","verified","2026-08-16","2026-08-16"
"gerardo diaz y su gerarquia","GERARDO DIAZ Y SU GERARQUIA","tiktok","https://www.tiktok.com/@gerardodiazysugerarquia","verified_musicbrainz_mapping+live_musicbrainz_url_relationship","","90","verified","2026-08-16","2026-08-16"
"gerardo ortiz","Gerardo Ortiz","facebook","https://www.facebook.com/GerardoOrtizNet","verified_youtube_channel+channel_about_external_link","https://www.youtube.com/channel/UCfxLuDIVfwArsz5waYMMLDQ/about","95","verified","2026-08-16","2026-08-16"
"gerardo ortiz","Gerardo Ortiz","instagram","https://www.instagram.com/gerardoortizoficial","verified_musicbrainz_mapping+wikidata_social_identifier+verified_spotify_mapping+verified_youtube_identity_mapping+verified_youtube_channel+channel_about_external_link","http://www.wikidata.org/entity/Q15463707 | https://www.youtube.com/channel/UCfxLuDIVfwArsz5waYMMLDQ/about","95","verified","2026-08-16","2026-08-16"
"gerardo ortiz","Gerardo Ortiz","twitter","https://x.com/gerardoortiznet","verified_musicbrainz_mapping+wikidata_social_identifier+verified_spotify_mapping+verified_youtube_identity_mapping","http://www.wikidata.org/entity/Q15463707","95","verified","2026-08-16","2026-08-16"
"gerardo ortiz","Gerardo Ortiz","twitter","https://twitter.com/gerardoortiznet","verified_youtube_channel+channel_about_external_link","https://www.youtube.com/channel/UCfxLuDIVfwArsz5waYMMLDQ/about","95","verified","2026-08-16","2026-08-16"
"gerardo reyes","Gerardo Reyes","facebook","http://www.facebook.com/gerardoreyes0","verified_youtube_channel+channel_about_external_link","https://www.youtube.com/channel/UCM78_WGPINP9v7xgwSZVLJQ/about","95","verified","2026-08-16","2026-08-16"
"german montero","Germán Montero","facebook","https://www.facebook.com/GermanMonteromx","verified_youtube_channel+channel_about_external_link","https://www.youtube.com/channel/UC1o9DLJKX9-sKwvenF8MQBA/about","95","verified","2026-08-16","2026-08-16"
"german montero","Germán Montero","instagram","https://www.instagram.com/germanmontero5","verified_youtube_channel+channel_about_external_link","https://www.youtube.com/channel/UC1o9DLJKX9-sKwvenF8MQBA/about","95","verified","2026-08-16","2026-08-16"
"german montero","Germán Montero","tiktok","https://www.tiktok.com/@germanmontero5","verified_youtube_channel+channel_about_external_link","https://www.youtube.com/channel/UC1o9DLJKX9-sKwvenF8MQBA/about","95","verified","2026-08-16","2026-08-16"
"german montero","Germán Montero","twitter","https://x.com/GermanMontero5","verified_youtube_channel+channel_about_external_link","https://www.youtube.com/channel/UC1o9DLJKX9-sKwvenF8MQBA/about","95","verified","2026-08-16","2026-08-16"
"giovanny ayala","Giovanny Ayala","facebook","https://www.facebook.com/GiovannyAyalaNet","verified_youtube_channel+channel_about_external_link","https://www.youtube.com/channel/UCeg-LciFWg0EDL2d7dY-sQA/about","95","verified","2026-08-16","2026-08-16"
"giovanny ayala","Giovanny Ayala","instagram","https://www.instagram.com/giovannyayala","verified_youtube_channel+channel_about_external_link","https://www.youtube.com/channel/UCeg-LciFWg0EDL2d7dY-sQA/about","95","verified","2026-08-16","2026-08-16"
"giovanny ayala","Giovanny Ayala","tiktok","https://www.tiktok.com/@ayalagio","verified_youtube_channel+channel_about_external_link","https://www.youtube.com/channel/UCeg-LciFWg0EDL2d7dY-sQA/about","95","verified","2026-08-16","2026-08-16"
"giovanny ayala","Giovanny Ayala","twitter","https://twitter.com/GiovannyAyala10","verified_youtube_channel+channel_about_external_link","https://www.youtube.com/channel/UCeg-LciFWg0EDL2d7dY-sQA/about","95","verified","2026-08-16","2026-08-16"
"gloria trevi","Gloria Trevi","facebook","https://www.facebook.com/gloriatrevioficial","verified_musicbrainz_mapping+wikidata_social_identifier+verified_spotify_mapping+verified_youtube_identity_mapping+verified_youtube_channel+channel_about_external_link","http://www.wikidata.org/entity/Q388035 | https://www.youtube.com/channel/UCNZazBoobtvziOGR65QQVog/about","95","verified","2026-08-16","2026-08-16"
"gloria trevi","Gloria Trevi","instagram","https://www.instagram.com/gloriatrevi","verified_musicbrainz_mapping+wikidata_social_identifier+verified_spotify_mapping+verified_youtube_identity_mapping+verified_youtube_channel+channel_about_external_link","http://www.wikidata.org/entity/Q388035 | https://www.youtube.com/channel/UCNZazBoobtvziOGR65QQVog/about","95","verified","2026-08-16","2026-08-16"
"gloria trevi","Gloria Trevi","tiktok","https://www.tiktok.com/@gloriatrevioficial","verified_youtube_channel+channel_about_external_link","https://www.youtube.com/channel/UCNZazBoobtvziOGR65QQVog/about","95","verified","2026-08-16","2026-08-16"
"gloria trevi","Gloria Trevi","twitter","https://x.com/gloriatrevi","verified_musicbrainz_mapping+wikidata_social_identifier+verified_spotify_mapping+verified_youtube_identity_mapping","http://www.wikidata.org/entity/Q388035","95","verified","2026-08-16","2026-08-16"
"gloria trevi","Gloria Trevi","twitter","https://twitter.com/GloriaTrevi","verified_youtube_channel+channel_about_external_link","https://www.youtube.com/channel/UCNZazBoobtvziOGR65QQVog/about","95","verified","2026-08-16","2026-08-16"
"grupo 360","Grupo 360","facebook","https://m.facebook.com/profile.php","verified_youtube_channel+channel_about_external_link+duplicate_catalog_assignment","https://www.youtube.com/channel/UC7tJh7b0ledI9fe1A_-dzRw/about","60","review","2026-08-16",""
"grupo 360","Grupo 360","instagram","https://www.instagram.com/pedritovillaoficial","verified_youtube_channel+channel_about_external_link","https://www.youtube.com/channel/UC7tJh7b0ledI9fe1A_-dzRw/about","95","verified","2026-08-16","2026-08-16"
"grupo 360","Grupo 360","instagram","https://www.instagram.com/grupo360oficial_","verified_youtube_channel+channel_about_external_link","https://www.youtube.com/channel/UC7tJh7b0ledI9fe1A_-dzRw/about","95","verified","2026-08-16","2026-08-16"
"grupo arriesgado","Grupo Arriesgado","facebook","https://www.facebook.com/ArriesgadoMusic","verified_musicbrainz_mapping+live_musicbrainz_url_relationship","","90","verified","2026-08-16","2026-08-16"
"grupo arriesgado","Grupo Arriesgado","facebook","https://www.facebook.com/p/Arriesgado-100044181232526","verified_musicbrainz_mapping+live_musicbrainz_url_relationship","","90","verified","2026-08-16","2026-08-16"
"grupo arriesgado","Grupo Arriesgado","instagram","https://www.instagram.com/grupoarriesgadooficial","verified_musicbrainz_mapping+live_musicbrainz_url_relationship","","90","verified","2026-08-16","2026-08-16"
"grupo arriesgado","Grupo Arriesgado","twitter","https://twitter.com/gpoarriesgado","verified_musicbrainz_mapping+live_musicbrainz_url_relationship","","90","verified","2026-08-16","2026-08-16"
"grupo bryndis","Grupo Bryndis","facebook","https://www.facebook.com/GRUPOBRYNDISOFICIAL","verified_youtube_channel+channel_about_external_link","https://www.youtube.com/channel/UCzuKMgJ-sX4V2kImpc_xYjg/about","95","verified","2026-08-16","2026-08-16"
"grupo bryndis","Grupo Bryndis","facebook","https://www.facebook.com/groups/grupobryndisoficial","verified_youtube_channel+channel_about_external_link","https://www.youtube.com/channel/UCzuKMgJ-sX4V2kImpc_xYjg/about","95","verified","2026-08-16","2026-08-16"
"grupo bryndis","Grupo Bryndis","instagram","https://www.instagram.com/grupobryndisoficial","verified_youtube_channel+channel_about_external_link","https://www.youtube.com/channel/UCzuKMgJ-sX4V2kImpc_xYjg/about","95","verified","2026-08-16","2026-08-16"
"grupo bryndis","Grupo Bryndis","tiktok","https://www.tiktok.com/@grupobryndisoficial","verified_youtube_channel+channel_about_external_link","https://www.youtube.com/channel/UCzuKMgJ-sX4V2kImpc_xYjg/about","95","verified","2026-08-16","2026-08-16"
"grupo bryndis","Grupo Bryndis","twitter","https://x.com/bryndisoficial","verified_youtube_channel+channel_about_external_link","https://www.youtube.com/channel/UCzuKMgJ-sX4V2kImpc_xYjg/about","95","verified","2026-08-16","2026-08-16"
"grupo canaveral","Grupo Cañaveral","facebook","https://www.facebook.com/grupocanaveraloficial","verified_youtube_channel+channel_about_external_link","https://www.youtube.com/channel/UCYz5tj23JpsjrUPL17qu0Aw/about","95","verified","2026-08-16","2026-08-16"
"grupo canaveral","Grupo Cañaveral","instagram","https://instagram.com/grupocanaveral","verified_youtube_channel+channel_about_external_link","https://www.youtube.com/channel/UCYz5tj23JpsjrUPL17qu0Aw/about","95","verified","2026-08-16","2026-08-16"
"grupo canaveral","Grupo Cañaveral","tiktok","https://www.tiktok.com/@grupocanaveraloficial","verified_youtube_channel+channel_about_external_link","https://www.youtube.com/channel/UCYz5tj23JpsjrUPL17qu0Aw/about","95","verified","2026-08-16","2026-08-16"
"grupo canaveral","Grupo Cañaveral","twitter","https://twitter.com/grupocanaveral","verified_youtube_channel+channel_about_external_link","https://www.youtube.com/channel/UCYz5tj23JpsjrUPL17qu0Aw/about","95","verified","2026-08-16","2026-08-16"
"grupo clasificado","Grupo Clasificado","instagram","https://www.instagram.com/grupoclasificado_oficial","verified_youtube_channel+channel_about_external_link","https://www.youtube.com/channel/UCkECxd_wr-ia-CbyKapojVA/about","95","verified","2026-08-16","2026-08-16"
"grupo clasificado","Grupo Clasificado","tiktok","https://www.tiktok.com/@grupoclasificadooficial","verified_youtube_channel+channel_about_external_link","https://www.youtube.com/channel/UCkECxd_wr-ia-CbyKapojVA/about","95","verified","2026-08-16","2026-08-16"
"grupo codiciado","GRUPO CODICIADO","facebook","https://www.facebook.com/pg/grupocodiciadooficial","verified_youtube_channel+channel_about_external_link","https://www.youtube.com/channel/UC65BFIyJjKMbq1l9roGtM9g/about","95","verified","2026-08-16","2026-08-16"
"grupo codiciado","GRUPO CODICIADO","instagram","https://www.instagram.com/grupocodiciadooficial","verified_youtube_channel+channel_about_external_link","https://www.youtube.com/channel/UC65BFIyJjKMbq1l9roGtM9g/about","95","verified","2026-08-16","2026-08-16"
"grupo delta norteno","Grupo Delta Norteño","facebook","https://www.facebook.com/GrupoDeltaOficial","verified_youtube_channel+channel_about_external_link","https://www.youtube.com/channel/UCD72xYczidRMqGAV1knMXIg/about","95","verified","2026-08-16","2026-08-16"
"grupo delta norteno","Grupo Delta Norteño","instagram","https://instagram.com/grupodeltaoficial","verified_youtube_channel+channel_about_external_link","https://www.youtube.com/channel/UCD72xYczidRMqGAV1knMXIg/about","95","verified","2026-08-16","2026-08-16"
"grupo descarga del 3030","Grupo Descarga Del 3030","facebook","https://www.facebook.com/GrupoDescargaDel3030Oficial","verified_youtube_channel+channel_about_external_link","https://www.youtube.com/channel/UCzAh7a7VPfkmsOvG4FVHZyQ/about","95","verified","2026-08-16","2026-08-16"
"grupo descarga del 3030","Grupo Descarga Del 3030","instagram","https://www.instagram.com/grupodescargadel3030oficial","verified_youtube_channel+channel_about_external_link","https://www.youtube.com/channel/UCzAh7a7VPfkmsOvG4FVHZyQ/about","95","verified","2026-08-16","2026-08-16"
"grupo descarga del 3030","Grupo Descarga Del 3030","tiktok","https://www.tiktok.com/@grupodescargadel3030","verified_youtube_channel+channel_about_external_link","https://www.youtube.com/channel/UCzAh7a7VPfkmsOvG4FVHZyQ/about","95","verified","2026-08-16","2026-08-16"
"grupo firme","Grupo Firme","facebook","https://www.facebook.com/GrupoFirmeOficial","verified_youtube_channel+channel_about_external_link","https://www.youtube.com/channel/UCFlC8U0Uif2hF0FIgsSIIYQ/about","95","verified","2026-08-16","2026-08-16"
"grupo firme","Grupo Firme","instagram","https://www.instagram.com/grupofirme","verified_musicbrainz_mapping+wikidata_social_identifier+verified_spotify_mapping+verified_youtube_channel+channel_about_external_link","http://www.wikidata.org/entity/Q99733765 | https://www.youtube.com/channel/UCFlC8U0Uif2hF0FIgsSIIYQ/about","95","verified","2026-08-16","2026-08-16"
"grupo firme","Grupo Firme","tiktok","https://www.tiktok.com/@grupofirme","verified_youtube_channel+channel_about_external_link","https://www.youtube.com/channel/UCFlC8U0Uif2hF0FIgsSIIYQ/about","95","verified","2026-08-16","2026-08-16"
"grupo firme","Grupo Firme","twitter","https://www.twitter.com/grupofirme","verified_youtube_channel+channel_about_external_link","https://www.youtube.com/channel/UCFlC8U0Uif2hF0FIgsSIIYQ/about","95","verified","2026-08-16","2026-08-16"
"grupo frontera","Grupo Frontera","facebook","https://www.facebook.com/fronteragrupo","verified_youtube_channel+channel_about_external_link","https://www.youtube.com/channel/UCKsN6xyJ2w8g7p4p9apXkYQ/about","95","verified","2026-08-16","2026-08-16"
"grupo frontera","Grupo Frontera","instagram","https://www.instagram.com/grupofrontera","verified_musicbrainz_mapping+wikidata_social_identifier+verified_youtube_channel+channel_about_external_link","http://www.wikidata.org/entity/Q118141487 | https://www.youtube.com/channel/UCKsN6xyJ2w8g7p4p9apXkYQ/about","95","verified","2026-08-16","2026-08-16"
"grupo frontera","Grupo Frontera","tiktok","https://www.tiktok.com/@grupofrontera","verified_youtube_channel+channel_about_external_link","https://www.youtube.com/channel/UCKsN6xyJ2w8g7p4p9apXkYQ/about","95","verified","2026-08-16","2026-08-16"
"grupo frontera","Grupo Frontera","twitter","https://x.com/frontera_grupo","verified_musicbrainz_mapping+wikidata_social_identifier","http://www.wikidata.org/entity/Q118141487","95","verified","2026-08-16","2026-08-16"
"grupo kual dinastia pedraza","Grupo Kual Dinastía Pedraza","facebook","https://www.facebook.com/GrupoKualDinastiaPedraza","verified_youtube_channel+channel_about_external_link","https://www.youtube.com/channel/UChHQ9RnDkQPPb15Kh3PLqUg/about","95","verified","2026-08-16","2026-08-16"
"grupo kual dinastia pedraza","Grupo Kual Dinastía Pedraza","instagram","https://www.instagram.com/grupokualdinastiapedraza","verified_youtube_channel+channel_about_external_link","https://www.youtube.com/channel/UChHQ9RnDkQPPb15Kh3PLqUg/about","95","verified","2026-08-16","2026-08-16"
"grupo kual dinastia pedraza","Grupo Kual Dinastía Pedraza","twitter","https://www.twitter.com/grupokuald","verified_youtube_channel+channel_about_external_link","https://www.youtube.com/channel/UChHQ9RnDkQPPb15Kh3PLqUg/about","95","verified","2026-08-16","2026-08-16"
"grupo laberinto","Grupo Laberinto","facebook","https://www.facebook.com/laberintoofficial","verified_youtube_channel+channel_about_external_link","https://www.youtube.com/channel/UCuL2Ro9FzwQFXm2oxziAAbw/about","95","verified","2026-08-16","2026-08-16"
"grupo laberinto","Grupo Laberinto","instagram","https://www.instagram.com/laberintoficial","verified_youtube_channel+channel_about_external_link","https://www.youtube.com/channel/UCuL2Ro9FzwQFXm2oxziAAbw/about","95","verified","2026-08-16","2026-08-16"
"grupo laberinto","Grupo Laberinto","tiktok","https://www.tiktok.com/@grupolaberinto","verified_youtube_channel+channel_about_external_link","https://www.youtube.com/channel/UCuL2Ro9FzwQFXm2oxziAAbw/about","95","verified","2026-08-16","2026-08-16"
"grupo laberinto","Grupo Laberinto","twitter","https://twitter.com/LaberintOficial","verified_youtube_channel+channel_about_external_link","https://www.youtube.com/channel/UCuL2Ro9FzwQFXm2oxziAAbw/about","95","verified","2026-08-16","2026-08-16"
"grupo legitimo","Grupo Legitimo","facebook","https://www.facebook.com/legitimooficial","verified_youtube_channel+channel_about_external_link","https://www.youtube.com/channel/UCM8zT_uRAiY_HupDEF6Odag/about","95","verified","2026-08-16","2026-08-16"
"grupo legitimo","Grupo Legitimo","instagram","https://www.instagram.com/grupolegitimo_oficial","verified_youtube_channel+channel_about_external_link","https://www.youtube.com/channel/UCM8zT_uRAiY_HupDEF6Odag/about","95","verified","2026-08-16","2026-08-16"
"grupo limite","Grupo Limite","facebook","https://www.facebook.com/pages/Limite-Oficial/288038074595699","verified_youtube_channel+channel_about_external_link","https://www.youtube.com/channel/UCVsTkyZ0SeUQUeXqo6D5qAA/about","95","verified","2026-08-16","2026-08-16"
"grupo limite","Grupo Limite","twitter","https://twitter.com/Limite_oficial","verified_youtube_channel+channel_about_external_link","https://www.youtube.com/channel/UCVsTkyZ0SeUQUeXqo6D5qAA/about","95","verified","2026-08-16","2026-08-16"
"grupo marca registrada","Grupo Marca Registrada","facebook","https://www.facebook.com/GRUPOMARCAREGISTRADA1","verified_youtube_channel+channel_about_external_link","https://www.youtube.com/channel/UCVASTJxBtjE22u-UDkRmEJA/about","95","verified","2026-08-16","2026-08-16"
"grupo marca registrada","Grupo Marca Registrada","instagram","https://www.instagram.com/grupomarcaregistrada1","verified_youtube_channel+channel_about_external_link","https://www.youtube.com/channel/UCVASTJxBtjE22u-UDkRmEJA/about","95","verified","2026-08-16","2026-08-16"
"grupo marca registrada","Grupo Marca Registrada","tiktok","https://www.tiktok.com/@grupomarcaregistrada","verified_youtube_channel+channel_about_external_link","https://www.youtube.com/channel/UCVASTJxBtjE22u-UDkRmEJA/about","95","verified","2026-08-16","2026-08-16"
"grupo maximo grado","Grupo Maximo Grado","instagram","https://www.instagram.com/maximogradooficial","verified_youtube_channel+channel_about_external_link","https://www.youtube.com/channel/UCzy4SDVnFsMgws1hPyYAvZQ/about","95","verified","2026-08-16","2026-08-16"
"grupo maximo grado","Grupo Maximo Grado","tiktok","https://www.tiktok.com/@maximogrado_oficial","verified_youtube_channel+channel_about_external_link","https://www.youtube.com/channel/UCzy4SDVnFsMgws1hPyYAvZQ/about","95","verified","2026-08-16","2026-08-16"
"grupo pegasso","Grupo Pegasso","facebook","https://www.facebook.com/grupopegasso","verified_youtube_channel+channel_about_external_link","https://www.youtube.com/channel/UCR8SALqzkgA4JzpBgMXVrlQ/about","95","verified","2026-08-16","2026-08-16"
"grupo pegasso","Grupo Pegasso","instagram","https://www.instagram.com/grupopegasso","verified_youtube_channel+channel_about_external_link","https://www.youtube.com/channel/UCR8SALqzkgA4JzpBgMXVrlQ/about","95","verified","2026-08-16","2026-08-16"
"grupo pegasso","Grupo Pegasso","tiktok","https://www.tiktok.com/grupopegasso_","verified_youtube_channel+channel_about_external_link","https://www.youtube.com/channel/UCR8SALqzkgA4JzpBgMXVrlQ/about","95","verified","2026-08-16","2026-08-16"
"grupo recluta","Grupo Recluta","facebook","https://www.facebook.com/GrupoReclutaOfficial","verified_youtube_channel+channel_about_external_link","https://www.youtube.com/channel/UCumLA5JLJ4Obxsv7bao8MDg/about","95","verified","2026-08-16","2026-08-16"
"grupo recluta","Grupo Recluta","instagram","https://www.instagram.com/gruporecluta","verified_youtube_channel+channel_about_external_link","https://www.youtube.com/channel/UCumLA5JLJ4Obxsv7bao8MDg/about","95","verified","2026-08-16","2026-08-16"
"grupo recluta","Grupo Recluta","tiktok","https://www.tiktok.com/@gruporeclutaoficial","verified_youtube_channel+channel_about_external_link","https://www.youtube.com/channel/UCumLA5JLJ4Obxsv7bao8MDg/about","95","verified","2026-08-16","2026-08-16"
"grupo recluta","Grupo Recluta","twitter","https://twitter.com/musicrecluta","verified_youtube_channel+channel_about_external_link","https://www.youtube.com/channel/UCumLA5JLJ4Obxsv7bao8MDg/about","95","verified","2026-08-16","2026-08-16"
"grupo selectivo","Grupo Selectivo","facebook","https://www.facebook.com/GrupoSelectivoOfficial","verified_youtube_channel+channel_about_external_link","https://www.youtube.com/channel/UCvF4j-sR1g0VszkBDISk8YQ/about","95","verified","2026-08-16","2026-08-16"
"grupo selectivo","Grupo Selectivo","instagram","https://www.instagram.com/gruposelectivo_oficia","verified_youtube_channel+channel_about_external_link","https://www.youtube.com/channel/UCvF4j-sR1g0VszkBDISk8YQ/about","95","verified","2026-08-16","2026-08-16"
"grupo selectivo","Grupo Selectivo","tiktok","https://www.tiktok.com/@gruposelectivo_oficial","verified_youtube_channel+channel_about_external_link","https://www.youtube.com/channel/UCvF4j-sR1g0VszkBDISk8YQ/about","95","verified","2026-08-16","2026-08-16"
"grupo super lamas","Grupo SUPER LAMAS","facebook","https://www.facebook.com/gruposuperlamas","verified_youtube_channel+channel_about_external_link","https://www.youtube.com/channel/UCRqimb8Obb3jtWZaf1q3QSQ/about","95","verified","2026-08-16","2026-08-16"
"grupo super lamas","Grupo SUPER LAMAS","instagram","https://www.instagram.com/gruposuperlamas","verified_youtube_channel+channel_about_external_link","https://www.youtube.com/channel/UCRqimb8Obb3jtWZaf1q3QSQ/about","95","verified","2026-08-16","2026-08-16"
"grupo toppaz de reynaldo flores","Grupo Toppaz De Reynaldo Flores","facebook","https://www.facebook.com/GrupoToppaz","verified_musicbrainz_mapping+live_musicbrainz_url_relationship","","90","verified","2026-08-16","2026-08-16"
"grupo viento y sol","Grupo Viento Y Sol","facebook","https://www.facebook.com/vientoysolgrupo","verified_musicbrainz_mapping+live_musicbrainz_url_relationship","","90","verified","2026-08-16","2026-08-16"
"grupo yndio","Grupo Yndio","facebook","https://www.facebook.com/Grupo-Yndio-137828842927679","verified_musicbrainz_mapping+wikidata_social_identifier+verified_spotify_mapping","http://www.wikidata.org/entity/Q5886508","95","verified","2026-08-16","2026-08-16"
"grupo yndio","Grupo Yndio","facebook","https://www.facebook.com/Grupo-Yndio-104692571236653","verified_youtube_channel+channel_about_external_link","https://www.youtube.com/channel/UC2xDUA7YvSarqf2_jq9GWUg/about","95","verified","2026-08-16","2026-08-16"
"grupo yndio","Grupo Yndio","instagram","https://www.instagram.com/grupoyndio","verified_youtube_channel+channel_about_external_link","https://www.youtube.com/channel/UC2xDUA7YvSarqf2_jq9GWUg/about","95","verified","2026-08-16","2026-08-16"
"ha ash","Ha*Ash","facebook","https://www.facebook.com/haashoficial","verified_youtube_channel+channel_about_external_link","https://www.youtube.com/channel/UC6kb0evup3Kgbz0N067E9wA/about","95","verified","2026-08-16","2026-08-16"
"ha ash","Ha*Ash","instagram","https://www.instagram.com/haashoficial","verified_musicbrainz_mapping+wikidata_social_identifier+verified_spotify_mapping+verified_youtube_identity_mapping","http://www.wikidata.org/entity/Q5494459","95","verified","2026-08-16","2026-08-16"
"ha ash","Ha*Ash","instagram","http://instagram.com/haashoficial","verified_youtube_channel+channel_about_external_link","https://www.youtube.com/channel/UC6kb0evup3Kgbz0N067E9wA/about","95","verified","2026-08-16","2026-08-16"
"ha ash","Ha*Ash","tiktok","https://www.tiktok.com/@haashoficial","verified_musicbrainz_mapping+wikidata_social_identifier+verified_spotify_mapping+verified_youtube_identity_mapping","http://www.wikidata.org/entity/Q5494459","95","verified","2026-08-16","2026-08-16"
"ha ash","Ha*Ash","twitter","https://x.com/haashoficial","verified_musicbrainz_mapping+wikidata_social_identifier+verified_spotify_mapping+verified_youtube_identity_mapping","http://www.wikidata.org/entity/Q5494459","95","verified","2026-08-16","2026-08-16"
"ha ash","Ha*Ash","twitter","https://twitter.com/haashoficial","verified_youtube_channel+channel_about_external_link","https://www.youtube.com/channel/UC6kb0evup3Kgbz0N067E9wA/about","95","verified","2026-08-16","2026-08-16"
"hadrian","Hadrian","facebook","https://www.facebook.com/hadrianchamp","verified_youtube_channel+channel_about_external_link","https://www.youtube.com/channel/UCDN7z4dol0uUHf749gJrrvQ/about","95","verified","2026-08-16","2026-08-16"
"hadrian","Hadrian","instagram","https://www.instagram.com/__hadrian","verified_youtube_channel+channel_about_external_link","https://www.youtube.com/channel/UCDN7z4dol0uUHf749gJrrvQ/about","95","verified","2026-08-16","2026-08-16"
"hadrian","Hadrian","tiktok","https://www.tiktok.com/@__hadrian","verified_youtube_channel+channel_about_external_link","https://www.youtube.com/channel/UCDN7z4dol0uUHf749gJrrvQ/about","95","verified","2026-08-16","2026-08-16"
"hadrian","Hadrian","twitter","https://twitter.com/__hadrian","verified_youtube_channel+channel_about_external_link","https://www.youtube.com/channel/UCDN7z4dol0uUHf749gJrrvQ/about","95","verified","2026-08-16","2026-08-16"
"hector rubio","Hector Rubio","instagram","https://www.instagram.com/hector_rubiorr","verified_musicbrainz_mapping+live_musicbrainz_url_relationship","","90","verified","2026-08-16","2026-08-16"
"hector rubio","Hector Rubio","tiktok","https://www.tiktok.com/@thor_rubio","verified_musicbrainz_mapping+live_musicbrainz_url_relationship","","90","verified","2026-08-16","2026-08-16"
"hector vargas","Hector Vargas","instagram","https://www.instagram.com/hectorvargass_","verified_youtube_channel+channel_about_external_link","https://www.youtube.com/channel/UCe90gRm4D0BNY8Bidj7EqYA/about","95","verified","2026-08-16","2026-08-16"
"hector vargas","Hector Vargas","tiktok","https://www.tiktok.com/@hectorvaargas","verified_youtube_channel+channel_about_external_link","https://www.youtube.com/channel/UCe90gRm4D0BNY8Bidj7EqYA/about","95","verified","2026-08-16","2026-08-16"
"herencia de grandes","Herencia de Grandes","instagram","https://www.instagram.com/scalante777","verified_youtube_channel+channel_about_external_link","https://www.youtube.com/channel/UC0W-ZcSPBEhqb-ZXq1h66UQ/about","95","verified","2026-08-16","2026-08-16"
"herencia de patrones","Herencia de Patrones","instagram","https://www.instagram.com/herenciadepatronesoficial","verified_musicbrainz_mapping+wikidata_social_identifier+verified_spotify_mapping","http://www.wikidata.org/entity/Q123980591","95","verified","2026-08-16","2026-08-16"
"hermanos espinoza","Hermanos Espinoza","instagram","https://www.instagram.com/hnosespinozaeventos","verified_youtube_channel+channel_about_external_link","https://www.youtube.com/channel/UC8SZG-avwzzNQEF8mOVR1Ig/about","95","verified","2026-08-16","2026-08-16"
"hermanos espinoza","Hermanos Espinoza","instagram","https://www.instagram.com/hnosespinoza","verified_youtube_channel+channel_about_external_link","https://www.youtube.com/channel/UC8SZG-avwzzNQEF8mOVR1Ig/about","95","verified","2026-08-16","2026-08-16"
"hermanos espinoza","Hermanos Espinoza","tiktok","https://www.tiktok.com/@hnosespinozaofficial","verified_youtube_channel+channel_about_external_link","https://www.youtube.com/channel/UC8SZG-avwzzNQEF8mOVR1Ig/about","95","verified","2026-08-16","2026-08-16"
"hernan sepulveda","Hernan Sepulveda","facebook","https://www.facebook.com/hernansepulvedaoficial","verified_youtube_channel+channel_about_external_link","https://www.youtube.com/channel/UC9QWvUMrnzFuiXdmpM2rfCg/about","95","verified","2026-08-16","2026-08-16"
"hernan sepulveda","Hernan Sepulveda","instagram","https://www.instagram.com/hernansepulvedaoficial","verified_youtube_channel+channel_about_external_link","https://www.youtube.com/channel/UC9QWvUMrnzFuiXdmpM2rfCg/about","95","verified","2026-08-16","2026-08-16"
"hernan sepulveda","Hernan Sepulveda","tiktok","https://www.tiktok.com/@hernannsepulvedaoficial","verified_youtube_channel+channel_about_external_link","https://www.youtube.com/channel/UC9QWvUMrnzFuiXdmpM2rfCg/about","95","verified","2026-08-16","2026-08-16"
"hijos de barron","Hijos De Barrón","facebook","https://www.facebook.com/hijosdebarronoficial","verified_youtube_channel+channel_about_external_link","https://www.youtube.com/channel/UCaj01pVlhuQ-qTWb_zklLAg/about","95","verified","2026-08-16","2026-08-16"
"hijos de barron","Hijos De Barrón","instagram","https://www.instagram.com/hijosdebarron","verified_youtube_channel+channel_about_external_link","https://www.youtube.com/channel/UCaj01pVlhuQ-qTWb_zklLAg/about","95","verified","2026-08-16","2026-08-16"
"horacio palencia","Horacio Palencia","facebook","https://www.facebook.com/HoracioPalencia","verified_youtube_channel+channel_about_external_link","https://www.youtube.com/channel/UCL9JY0TLQXbXM825DLTqHjw/about","95","verified","2026-08-16","2026-08-16"
"horacio palencia","Horacio Palencia","instagram","https://www.instagram.com/horaciopalencia","verified_youtube_channel+channel_about_external_link","https://www.youtube.com/channel/UCL9JY0TLQXbXM825DLTqHjw/about","95","verified","2026-08-16","2026-08-16"
"horacio palencia","Horacio Palencia","twitter","https://twitter.com/horaciopalencia","verified_youtube_channel+channel_about_external_link","https://www.youtube.com/channel/UCL9JY0TLQXbXM825DLTqHjw/about","95","verified","2026-08-16","2026-08-16"
"humbe","Humbe","facebook","https://www.facebook.com/humbeoficial","verified_musicbrainz_mapping+wikidata_social_identifier+verified_spotify_mapping+verified_youtube_identity_mapping","http://www.wikidata.org/entity/Q77511267","95","verified","2026-08-16","2026-08-16"
"humbe","Humbe","instagram","https://www.instagram.com/humbe","verified_musicbrainz_mapping+wikidata_social_identifier+verified_spotify_mapping+verified_youtube_identity_mapping","http://www.wikidata.org/entity/Q77511267","95","verified","2026-08-16","2026-08-16"
"humbe","Humbe","tiktok","https://www.tiktok.com/@humbe","verified_musicbrainz_mapping+wikidata_social_identifier+verified_spotify_mapping+verified_youtube_identity_mapping","http://www.wikidata.org/entity/Q77511267","95","verified","2026-08-16","2026-08-16"
"humbe","Humbe","twitter","https://x.com/humberdz","verified_musicbrainz_mapping+wikidata_social_identifier+verified_spotify_mapping+verified_youtube_identity_mapping","http://www.wikidata.org/entity/Q77511267","95","verified","2026-08-16","2026-08-16"
"industria del amor","Industria del Amor","facebook","http://www.facebook.com/industriadelamoroficial","verified_youtube_channel+channel_about_external_link","https://www.youtube.com/channel/UCp11bgOzFeq-6_q16kP0d3w/about","95","verified","2026-08-16","2026-08-16"
"industria del amor","Industria del Amor","instagram","https://www.instagram.com/industriadelamoroficial","verified_youtube_channel+channel_about_external_link","https://www.youtube.com/channel/UCp11bgOzFeq-6_q16kP0d3w/about","95","verified","2026-08-16","2026-08-16"
"industria del amor","Industria del Amor","tiktok","https://www.tiktok.com/@industriadelamoroficial","verified_youtube_channel+channel_about_external_link","https://www.youtube.com/channel/UCp11bgOzFeq-6_q16kP0d3w/about","95","verified","2026-08-16","2026-08-16"
"industria del amor","Industria del Amor","twitter","http://www.twitter.com/idelamor","verified_youtube_channel+channel_about_external_link","https://www.youtube.com/channel/UCp11bgOzFeq-6_q16kP0d3w/about","95","verified","2026-08-16","2026-08-16"
"intocable","Intocable","facebook","https://www.facebook.com/grupointocable","verified_youtube_channel+channel_about_external_link","https://www.youtube.com/channel/UCvQcMlXzM9JdAgzkBo1B0Ew/about","95","verified","2026-08-16","2026-08-16"
"intocable","Intocable","instagram","https://www.instagram.com/grupointocable","verified_youtube_channel+channel_about_external_link","https://www.youtube.com/channel/UCvQcMlXzM9JdAgzkBo1B0Ew/about","95","verified","2026-08-16","2026-08-16"
"intocable","Intocable","twitter","https://x.com/grupointocable","verified_spotify_mapping+wikidata_social_identifier+verified_youtube_identity_mapping","http://www.wikidata.org/entity/Q2033206","95","verified","2026-08-16","2026-08-16"
"intocable","Intocable","twitter","https://twitter.com/grupointocable","verified_youtube_channel+channel_about_external_link","https://www.youtube.com/channel/UCvQcMlXzM9JdAgzkBo1B0Ew/about","95","verified","2026-08-16","2026-08-16"
"ivan cornejo","Ivan Cornejo","facebook","https://www.facebook.com/IvanCornejoOfficial","verified_musicbrainz_mapping+wikidata_social_identifier+verified_spotify_mapping+verified_youtube_identity_mapping","http://www.wikidata.org/entity/Q108984139","95","verified","2026-08-16","2026-08-16"
"ivan cornejo","Ivan Cornejo","instagram","https://www.instagram.com/ivancornejoo","verified_musicbrainz_mapping+wikidata_social_identifier+verified_spotify_mapping+verified_youtube_identity_mapping","http://www.wikidata.org/entity/Q108984139","95","verified","2026-08-16","2026-08-16"
"ivan cornejo","Ivan Cornejo","tiktok","https://www.tiktok.com/@ivancornejooo","verified_musicbrainz_mapping+wikidata_social_identifier+verified_spotify_mapping+verified_youtube_identity_mapping","http://www.wikidata.org/entity/Q108984139","95","verified","2026-08-16","2026-08-16"
"jasiel nunez","Jasiel Nuñez","instagram","https://www.instagram.com/_jasiel.nunez","verified_youtube_channel+channel_about_external_link","https://www.youtube.com/channel/UCqeHvsp6oZwzOpOrb4JAjAg/about","95","verified","2026-08-16","2026-08-16"
"jasiel nunez","Jasiel Nuñez","tiktok","https://www.tiktok.com/@_jasiel.nunez","verified_youtube_channel+channel_about_external_link","https://www.youtube.com/channel/UCqeHvsp6oZwzOpOrb4JAjAg/about","95","verified","2026-08-16","2026-08-16"
"javier rosas y su artilleria pesada","Javier Rosas Y Su Artillería Pesada","facebook","http://www.facebook.com/javierrosasap","verified_youtube_channel+channel_about_external_link","https://www.youtube.com/channel/UCHwVb3kuM9w6FL_2WfYApaA/about","95","verified","2026-08-16","2026-08-16"
"javier rosas y su artilleria pesada","Javier Rosas Y Su Artillería Pesada","instagram","http://instagram.com/javierrosasap","verified_youtube_channel+channel_about_external_link","https://www.youtube.com/channel/UCHwVb3kuM9w6FL_2WfYApaA/about","95","verified","2026-08-16","2026-08-16"
"javier rosas y su artilleria pesada","Javier Rosas Y Su Artillería Pesada","tiktok","https://www.tiktok.com/@javierrosas.oficial","verified_youtube_channel+channel_about_external_link","https://www.youtube.com/channel/UCHwVb3kuM9w6FL_2WfYApaA/about","95","verified","2026-08-16","2026-08-16"
"javier rosas y su artilleria pesada","Javier Rosas Y Su Artillería Pesada","twitter","https://twitter.com/javierrosasap","verified_youtube_channel+channel_about_external_link","https://www.youtube.com/channel/UCHwVb3kuM9w6FL_2WfYApaA/about","95","verified","2026-08-16","2026-08-16"
"jenni rivera","Jenni Rivera","facebook","https://www.facebook.com/jenniriveramusic","verified_youtube_channel+channel_about_external_link","https://www.youtube.com/channel/UCNgong4F7adKd_TNn2AuEuA/about","95","verified","2026-08-16","2026-08-16"
"jenni rivera","Jenni Rivera","instagram","https://www.instagram.com/jennirivera","verified_youtube_channel+channel_about_external_link","https://www.youtube.com/channel/UCNgong4F7adKd_TNn2AuEuA/about","95","verified","2026-08-16","2026-08-16"
"jenni rivera","Jenni Rivera","tiktok","https://www.tiktok.com/@jennirivera","verified_youtube_channel+channel_about_external_link","https://www.youtube.com/channel/UCNgong4F7adKd_TNn2AuEuA/about","95","verified","2026-08-16","2026-08-16"
"jenni rivera","Jenni Rivera","twitter","https://x.com/jennirivera","verified_musicbrainz_mapping+wikidata_social_identifier","http://www.wikidata.org/entity/Q714185","95","verified","2026-08-16","2026-08-16"
"jesse and joy","Jesse & Joy","facebook","https://www.facebook.com/jesseyjoy","verified_musicbrainz_mapping+wikidata_social_identifier+verified_spotify_mapping+verified_youtube_identity_mapping","http://www.wikidata.org/entity/Q2288785","95","verified","2026-08-16","2026-08-16"
"jesse and joy","Jesse & Joy","facebook","https://www.facebook.com/JesseyJoyOficial","verified_musicbrainz_mapping+wikidata_social_identifier+verified_spotify_mapping+verified_youtube_identity_mapping","http://www.wikidata.org/entity/Q2288785","95","verified","2026-08-16","2026-08-16"
"jesse and joy","Jesse & Joy","facebook","http://www.facebook.com/JesseyJoyOficial","verified_youtube_channel+channel_about_external_link","https://www.youtube.com/channel/UC6awBq3lKY35T__puHY2OYQ/about","95","verified","2026-08-16","2026-08-16"
"jesse and joy","Jesse & Joy","instagram","https://www.instagram.com/jesseyjoy","verified_musicbrainz_mapping+wikidata_social_identifier+verified_spotify_mapping+verified_youtube_identity_mapping+verified_youtube_channel+channel_about_external_link","http://www.wikidata.org/entity/Q2288785 | https://www.youtube.com/channel/UC6awBq3lKY35T__puHY2OYQ/about","95","verified","2026-08-16","2026-08-16"
"jesse and joy","Jesse & Joy","tiktok","https://www.tiktok.com/@jesseandjoy","verified_youtube_channel+channel_about_external_link","https://www.youtube.com/channel/UC6awBq3lKY35T__puHY2OYQ/about","95","verified","2026-08-16","2026-08-16"
"jesse and joy","Jesse & Joy","twitter","https://x.com/jesseyjoy","verified_youtube_channel+channel_about_external_link","https://www.youtube.com/channel/UC6awBq3lKY35T__puHY2OYQ/about","95","verified","2026-08-16","2026-08-16"
"jesus adrian romero","Jesús Adrián Romero","facebook","https://www.facebook.com/jaroficial","verified_musicbrainz_mapping+wikidata_social_identifier","http://www.wikidata.org/entity/Q6188369","95","verified","2026-08-16","2026-08-16"
"jimmy guzman","Jimmy Guzman","instagram","https://www.instagram.com/x.jmmy","verified_youtube_channel+channel_about_external_link","https://www.youtube.com/channel/UC1THQRacr8UHYbj7VK0xuLQ/about","95","verified","2026-08-16","2026-08-16"
"jimmy humilde","Jimmy Humilde","instagram","https://www.instagram.com/jimmyhumilde.rh","verified_youtube_channel+channel_about_external_link","https://www.youtube.com/channel/UCCYDcy4obmmR6CmCnWIe_oQ/about","95","verified","2026-08-16","2026-08-16"
"joan sebastian","Joan Sebastian","facebook","https://www.facebook.com/JoanSebastian","verified_musicbrainz_mapping+wikidata_social_identifier","http://www.wikidata.org/entity/Q9012072","95","verified","2026-08-16","2026-08-16"
"joan sebastian","Joan Sebastian","facebook","https://www.facebook.com/oficialjoansebastian","verified_youtube_channel+channel_about_external_link","https://www.youtube.com/channel/UC9oI0Vxnp-jJRH2StsXaIzQ/about","95","verified","2026-08-16","2026-08-16"
"joan sebastian","Joan Sebastian","instagram","https://www.instagram.com/joansebastian","verified_youtube_channel+channel_about_external_link","https://www.youtube.com/channel/UC9oI0Vxnp-jJRH2StsXaIzQ/about","95","verified","2026-08-16","2026-08-16"
"joan sebastian","Joan Sebastian","tiktok","https://www.tiktok.com/@joan_sebastian_oficial","verified_youtube_channel+channel_about_external_link","https://www.youtube.com/channel/UC9oI0Vxnp-jJRH2StsXaIzQ/about","95","verified","2026-08-16","2026-08-16"
"joan sebastian","Joan Sebastian","twitter","https://x.com/joansebastian","verified_musicbrainz_mapping+wikidata_social_identifier","http://www.wikidata.org/entity/Q9012072","95","verified","2026-08-16","2026-08-16"
"joan sebastian","Joan Sebastian","twitter","https://twitter.com/joansebastianof","verified_youtube_channel+channel_about_external_link","https://www.youtube.com/channel/UC9oI0Vxnp-jJRH2StsXaIzQ/about","95","verified","2026-08-16","2026-08-16"
"joel de la p","Joel De La P","facebook","https://www.facebook.com/profile.php","verified_youtube_channel+channel_about_external_link+duplicate_catalog_assignment","https://www.youtube.com/channel/UCtWY7mkyPOkryoEMiJ2LiJg/about","60","review","2026-08-16",""
"joel de la p","Joel De La P","instagram","https://www.instagram.com/joeldelap","verified_youtube_channel+channel_about_external_link","https://www.youtube.com/channel/UCtWY7mkyPOkryoEMiJ2LiJg/about","95","verified","2026-08-16","2026-08-16"
"joel de la p","Joel De La P","tiktok","https://www.tiktok.com/@joeldelapoficial","verified_youtube_channel+channel_about_external_link","https://www.youtube.com/channel/UCtWY7mkyPOkryoEMiJ2LiJg/about","95","verified","2026-08-16","2026-08-16"
"jorge cuellar","Jorge Cuellar","instagram","https://www.instagram.com/jorgecuellar_oficial","verified_youtube_channel+channel_about_external_link","https://www.youtube.com/channel/UCDXUoF5e_G2bJFvPxBJ_OHA/about","95","verified","2026-08-16","2026-08-16"
"jorge cuellar","Jorge Cuellar","tiktok","https://www.tiktok.com/@jorgecuellar_","verified_youtube_channel+channel_about_external_link","https://www.youtube.com/channel/UCDXUoF5e_G2bJFvPxBJ_OHA/about","95","verified","2026-08-16","2026-08-16"
"jorge medina","Jorge Medina","facebook","https://www.facebook.com/JorgeLMedinaR","verified_youtube_channel+channel_about_external_link","https://www.youtube.com/channel/UCJA5WegBO-AGqIIuiu6U1-A/about","95","verified","2026-08-16","2026-08-16"
"jorge medina","Jorge Medina","instagram","https://www.instagram.com/j_medina37","verified_youtube_channel+channel_about_external_link","https://www.youtube.com/channel/UCJA5WegBO-AGqIIuiu6U1-A/about","95","verified","2026-08-16","2026-08-16"
"jorge medina","Jorge Medina","tiktok","https://www.tiktok.com/@j_medina37","verified_youtube_channel+channel_about_external_link","https://www.youtube.com/channel/UCJA5WegBO-AGqIIuiu6U1-A/about","95","verified","2026-08-16","2026-08-16"
"jorge negrete","Jorge Negrete","facebook","https://www.facebook.com/Jorge-Negrete-Forever-2148086215446408","verified_youtube_channel+channel_about_external_link","https://www.youtube.com/channel/UCk5-tLiEuSVHVZasSjMCVhA/about","95","verified","2026-08-16","2026-08-16"
"jorge negrete","Jorge Negrete","twitter","https://twitter.com/JorgeNegreteMex","verified_youtube_channel+channel_about_external_link","https://www.youtube.com/channel/UCk5-tLiEuSVHVZasSjMCVhA/about","95","verified","2026-08-16","2026-08-16"
"jose alfredo jimenez","José Alfredo Jimenez","facebook","https://www.facebook.com/JoseAlfredoJimenezElRey","verified_musicbrainz_mapping+wikidata_social_identifier+verified_spotify_mapping","http://www.wikidata.org/entity/Q1352007","95","verified","2026-08-16","2026-08-16"
"jose alfredo jimenez","José Alfredo Jimenez","facebook","https://www.facebook.com/JoseAlfredoJimenezMusica","verified_youtube_channel+channel_about_external_link","https://www.youtube.com/channel/UC3w7TN1QkWk9ecC0q_ebm7Q/about","95","verified","2026-08-16","2026-08-16"
"jose jose","José José","facebook","https://www.facebook.com/OficialJoseJose","verified_musicbrainz_mapping+wikidata_social_identifier+verified_youtube_identity_mapping","http://www.wikidata.org/entity/Q2608238","95","verified","2026-08-16","2026-08-16"
"jose jose","José José","instagram","https://www.instagram.com/josejoseoficial","verified_musicbrainz_mapping+wikidata_social_identifier+verified_youtube_identity_mapping+verified_youtube_channel+channel_about_external_link","http://www.wikidata.org/entity/Q2608238 | https://www.youtube.com/channel/UCSPwNgHHyAtHanVaGN2LLWA/about","95","verified","2026-08-16","2026-08-16"
"jose jose","José José","tiktok","https://www.tiktok.com/@josejoseoficial","verified_youtube_channel+channel_about_external_link","https://www.youtube.com/channel/UCSPwNgHHyAtHanVaGN2LLWA/about","95","verified","2026-08-16","2026-08-16"
"jose jose","José José","twitter","https://x.com/josejoseoficial","verified_musicbrainz_mapping+wikidata_social_identifier+verified_youtube_identity_mapping","http://www.wikidata.org/entity/Q2608238","95","verified","2026-08-16","2026-08-16"
"jose maria napoleon","José Maria Napoleón","instagram","https://www.instagram.com/napoleonmusica","verified_musicbrainz_mapping+live_musicbrainz_url_relationship","","90","verified","2026-08-16","2026-08-16"
"josi cuen","Josi Cuen","facebook","https://www.facebook.com/josicuenoficial","verified_youtube_channel+channel_about_external_link","https://www.youtube.com/channel/UCp9wfStnwTjM8FFqbZ2LaJw/about","95","verified","2026-08-16","2026-08-16"
"josi cuen","Josi Cuen","instagram","https://www.instagram.com/josicuenoficial","verified_youtube_channel+channel_about_external_link","https://www.youtube.com/channel/UCp9wfStnwTjM8FFqbZ2LaJw/about","95","verified","2026-08-16","2026-08-16"
"josi cuen","Josi Cuen","tiktok","https://www.tiktok.com/@josicuenoficial","verified_youtube_channel+channel_about_external_link","https://www.youtube.com/channel/UCp9wfStnwTjM8FFqbZ2LaJw/about","95","verified","2026-08-16","2026-08-16"
"joss favela","Joss Favela","facebook","https://www.facebook.com/JossFavela","verified_youtube_channel+channel_about_external_link","https://www.youtube.com/channel/UCNKFce6dDLEmve1i90GKHBw/about","95","verified","2026-08-16","2026-08-16"
"joss favela","Joss Favela","instagram","https://www.instagram.com/jossfavela","verified_musicbrainz_mapping+wikidata_social_identifier+verified_spotify_mapping+verified_youtube_identity_mapping+verified_youtube_channel+channel_about_external_link","http://www.wikidata.org/entity/Q55834726 | https://www.youtube.com/channel/UCNKFce6dDLEmve1i90GKHBw/about","95","verified","2026-08-16","2026-08-16"
"joss favela","Joss Favela","tiktok","https://www.tiktok.com/@jossfavela","verified_youtube_channel+channel_about_external_link","https://www.youtube.com/channel/UCNKFce6dDLEmve1i90GKHBw/about","95","verified","2026-08-16","2026-08-16"
"joss favela","Joss Favela","twitter","https://x.com/jossfavela","verified_musicbrainz_mapping+wikidata_social_identifier+verified_spotify_mapping+verified_youtube_identity_mapping","http://www.wikidata.org/entity/Q55834726","95","verified","2026-08-16","2026-08-16"
"joss favela","Joss Favela","twitter","https://twitter.com/jossfavela","verified_youtube_channel+channel_about_external_link","https://www.youtube.com/channel/UCNKFce6dDLEmve1i90GKHBw/about","95","verified","2026-08-16","2026-08-16"
"jovanny cadena","jovanny Cadena","facebook","https://www.facebook.com/jovannycadenaysuestiloprivado","verified_youtube_channel+channel_about_external_link","https://www.youtube.com/channel/UCvlh6Z8LHQM-fMb3wfFUYYA/about","95","verified","2026-08-16","2026-08-16"
"jovanny cadena","jovanny Cadena","instagram","https://instagram.com/jovannycadenaoficial","verified_youtube_channel+channel_about_external_link","https://www.youtube.com/channel/UCvlh6Z8LHQM-fMb3wfFUYYA/about","95","verified","2026-08-16","2026-08-16"
"jovanny cadena","jovanny Cadena","tiktok","https://www.tiktok.com/@jovannycadenaoficial","verified_youtube_channel+channel_about_external_link","https://www.youtube.com/channel/UCvlh6Z8LHQM-fMb3wfFUYYA/about","95","verified","2026-08-16","2026-08-16"
"jr torres","JR Torres","instagram","https://www.instagram.com/jrtorres_oficial","verified_youtube_channel+channel_about_external_link","https://www.youtube.com/channel/UC_KiKIf1F1Xn0mv09jx2XXg/about","95","verified","2026-08-16","2026-08-16"
"jr torres","JR Torres","tiktok","https://www.tiktok.com/@jrtorres_oficial","verified_youtube_channel+channel_about_external_link","https://www.youtube.com/channel/UC_KiKIf1F1Xn0mv09jx2XXg/about","95","verified","2026-08-16","2026-08-16"
"juan freer","Juan Freer","instagram","https://instagram.com/juanfreerc","verified_youtube_channel+channel_about_external_link","https://www.youtube.com/channel/UCjhCiuswhqAhIdxwQPzC9NA/about","95","verified","2026-08-16","2026-08-16"
"juan gabriel","Juan Gabriel","facebook","https://www.facebook.com/ElesJuanGabriel","verified_musicbrainz_mapping+wikidata_social_identifier+verified_spotify_mapping","http://www.wikidata.org/entity/Q738404","95","verified","2026-08-16","2026-08-16"
"juan gabriel","Juan Gabriel","facebook","https://www.facebook.com/JuanGabrielPorLosSiglos","verified_youtube_channel+channel_about_external_link","https://www.youtube.com/channel/UCnLJnKKCxLRsAktAB9iMSeQ/about","95","verified","2026-08-16","2026-08-16"
"juan gabriel","Juan Gabriel","instagram","https://www.instagram.com/soyjuangabriel_","verified_youtube_channel+channel_about_external_link","https://www.youtube.com/channel/UCnLJnKKCxLRsAktAB9iMSeQ/about","95","verified","2026-08-16","2026-08-16"
"juan gabriel","Juan Gabriel","tiktok","https://www.tiktok.com/@soyjuangabriel","verified_youtube_channel+channel_about_external_link","https://www.youtube.com/channel/UCnLJnKKCxLRsAktAB9iMSeQ/about","95","verified","2026-08-16","2026-08-16"
"juan gabriel","Juan Gabriel","twitter","https://x.com/soyjuangabriel","verified_youtube_channel+channel_about_external_link","https://www.youtube.com/channel/UCnLJnKKCxLRsAktAB9iMSeQ/about","95","verified","2026-08-16","2026-08-16"
"julian mercado","Julian Mercado","facebook","https://www.facebook.com/JulianMercadoOficial","verified_youtube_channel+channel_about_external_link","https://www.youtube.com/channel/UCYJbuVkNuq3HcEUmqf9kG7g/about","95","verified","2026-08-16","2026-08-16"
"julian mercado","Julian Mercado","instagram","https://www.instagram.com/julianmercadooficial","verified_youtube_channel+channel_about_external_link","https://www.youtube.com/channel/UCYJbuVkNuq3HcEUmqf9kG7g/about","95","verified","2026-08-16","2026-08-16"
"julian mercado","Julian Mercado","tiktok","https://www.tiktok.com/@julianmercadooficial","verified_youtube_channel+channel_about_external_link","https://www.youtube.com/channel/UCYJbuVkNuq3HcEUmqf9kG7g/about","95","verified","2026-08-16","2026-08-16"
"julieta venegas","Julieta Venegas","facebook","https://www.facebook.com/julietavenegas.oficial","verified_musicbrainz_mapping+wikidata_social_identifier+verified_spotify_mapping+verified_youtube_identity_mapping","http://www.wikidata.org/entity/Q232214","95","verified","2026-08-16","2026-08-16"
"julieta venegas","Julieta Venegas","facebook","http://www.facebook.com/julietavenegas.oficial","verified_youtube_channel+channel_about_external_link","https://www.youtube.com/channel/UCwWwGhSVOjbhZSBh-Wa3xTw/about","95","verified","2026-08-16","2026-08-16"
"julieta venegas","Julieta Venegas","instagram","https://www.instagram.com/julietavenegasp","verified_musicbrainz_mapping+wikidata_social_identifier+verified_spotify_mapping+verified_youtube_identity_mapping+verified_youtube_channel+channel_about_external_link","http://www.wikidata.org/entity/Q232214 | https://www.youtube.com/channel/UCwWwGhSVOjbhZSBh-Wa3xTw/about","95","verified","2026-08-16","2026-08-16"
"julieta venegas","Julieta Venegas","tiktok","https://www.tiktok.com/@julietavenegasoficial","verified_musicbrainz_mapping+wikidata_social_identifier+verified_spotify_mapping+verified_youtube_identity_mapping","http://www.wikidata.org/entity/Q232214","95","verified","2026-08-16","2026-08-16"
"julieta venegas","Julieta Venegas","twitter","https://x.com/julietav","verified_musicbrainz_mapping+wikidata_social_identifier+verified_spotify_mapping+verified_youtube_identity_mapping","http://www.wikidata.org/entity/Q232214","95","verified","2026-08-16","2026-08-16"
"julieta venegas","Julieta Venegas","twitter","https://twitter.com/julietav","verified_youtube_channel+channel_about_external_link","https://www.youtube.com/channel/UCwWwGhSVOjbhZSBh-Wa3xTw/about","95","verified","2026-08-16","2026-08-16"
"julio chaidez","Julio Chaidez","facebook","https://www.facebook.com/oficialjuliochaidez","verified_youtube_channel+channel_about_external_link","https://www.youtube.com/channel/UC5wEGANcNr7fzUsV0gCdCZA/about","95","verified","2026-08-16","2026-08-16"
"julio chaidez","Julio Chaidez","instagram","https://www.instagram.com/juliochaidezoficial","verified_youtube_channel+channel_about_external_link","https://www.youtube.com/channel/UC5wEGANcNr7fzUsV0gCdCZA/about","95","verified","2026-08-16","2026-08-16"
"julio chaidez","Julio Chaidez","tiktok","https://www.tiktok.com/@juliochaidezoficial","verified_youtube_channel+channel_about_external_link","https://www.youtube.com/channel/UC5wEGANcNr7fzUsV0gCdCZA/about","95","verified","2026-08-16","2026-08-16"
"julio preciado","Julio Preciado","facebook","https://www.facebook.com/Julio.C.Preciado","verified_youtube_channel+channel_about_external_link","https://www.youtube.com/channel/UC1X--Zjk2esCKjkm5jtM_VA/about","95","verified","2026-08-16","2026-08-16"
"julio preciado","Julio Preciado","instagram","https://www.instagram.com/juliopreciado_","verified_youtube_channel+channel_about_external_link","https://www.youtube.com/channel/UC1X--Zjk2esCKjkm5jtM_VA/about","95","verified","2026-08-16","2026-08-16"
"julio preciado","Julio Preciado","twitter","https://twitter.com/Julio_Preciado_","verified_youtube_channel+channel_about_external_link","https://www.youtube.com/channel/UC1X--Zjk2esCKjkm5jtM_VA/about","95","verified","2026-08-16","2026-08-16"
"julion alvarez and su norteno banda","Julion Álvarez & Su Norteño Banda","facebook","https://www.facebook.com/lospasosdejulion","verified_youtube_channel+channel_about_external_link","https://www.youtube.com/channel/UCbh61ZOdAzM_w2U0tS2XNJw/about","95","verified","2026-08-16","2026-08-16"
"julion alvarez and su norteno banda","Julion Álvarez & Su Norteño Banda","instagram","https://www.instagram.com/lospasosdejulion","verified_youtube_channel+channel_about_external_link+documented_instagram_verified_account","https://www.youtube.com/channel/UCbh61ZOdAzM_w2U0tS2XNJw/about | https://es.wikipedia.org/wiki/Juli%C3%B3n_%C3%81lvarez","95","verified","2026-08-16","2026-08-16"
"julion alvarez and su norteno banda","Julion Álvarez & Su Norteño Banda","tiktok","https://www.tiktok.com/@lospasosdejulion","verified_youtube_channel+channel_about_external_link","https://www.youtube.com/channel/UCbh61ZOdAzM_w2U0tS2XNJw/about","95","verified","2026-08-16","2026-08-16"
"junior h","Junior H","instagram","https://www.instagram.com/juniorh","verified_musicbrainz_mapping+wikidata_social_identifier+verified_spotify_mapping+verified_youtube_identity_mapping","http://www.wikidata.org/entity/Q109569656","95","verified","2026-08-16","2026-08-16"
"kalimba","Kalimba","facebook","https://www.facebook.com/KalimbaOficial","verified_youtube_channel+channel_about_external_link","https://www.youtube.com/channel/UCFeSUC-MOO39TxvPH_rkbug/about","95","verified","2026-08-16","2026-08-16"
"kalimba","Kalimba","instagram","https://www.instagram.com/kalimbaofficial","verified_musicbrainz_mapping+wikidata_social_identifier+verified_youtube_channel+channel_about_external_link","http://www.wikidata.org/entity/Q840946 | https://www.youtube.com/channel/UCFeSUC-MOO39TxvPH_rkbug/about","95","verified","2026-08-16","2026-08-16"
"kalimba","Kalimba","twitter","https://x.com/kalimbamx","verified_musicbrainz_mapping+wikidata_social_identifier","http://www.wikidata.org/entity/Q840946","95","verified","2026-08-16","2026-08-16"
"kalimba","Kalimba","twitter","https://twitter.com/kalimbamx","verified_youtube_channel+channel_about_external_link","https://www.youtube.com/channel/UCFeSUC-MOO39TxvPH_rkbug/about","95","verified","2026-08-16","2026-08-16"
"kanales","Kanales","facebook","https://www.facebook.com/kanalesoficial","verified_musicbrainz_mapping+live_musicbrainz_url_relationship","","90","verified","2026-08-16","2026-08-16"
"kanales","Kanales","facebook","https://www.facebook.com/teamkanales","verified_musicbrainz_mapping+live_musicbrainz_url_relationship","","90","verified","2026-08-16","2026-08-16"
"kanales","Kanales","instagram","https://www.instagram.com/kanalesoficial","verified_musicbrainz_mapping+live_musicbrainz_url_relationship","","90","verified","2026-08-16","2026-08-16"
"kane rodriguez","Kane Rodriguez","facebook","https://www.facebook.com/kane.rodriguez.773","verified_youtube_channel+channel_about_external_link","https://www.youtube.com/channel/UC0OvBd98W9GbbMEbgEIf1-Q/about","95","verified","2026-08-16","2026-08-16"
"kane rodriguez","Kane Rodriguez","instagram","https://www.instagram.com/kane_rodriguez10","verified_youtube_channel+channel_about_external_link","https://www.youtube.com/channel/UC0OvBd98W9GbbMEbgEIf1-Q/about","95","verified","2026-08-16","2026-08-16"
"kane rodriguez","Kane Rodriguez","tiktok","https://www.tiktok.com/@kane_rodriguez10","verified_youtube_channel+channel_about_external_link","https://www.youtube.com/channel/UC0OvBd98W9GbbMEbgEIf1-Q/about","95","verified","2026-08-16","2026-08-16"
"kenia os","Kenia Os","instagram","https://www.instagram.com/keniaos","verified_musicbrainz_mapping+wikidata_social_identifier+verified_spotify_mapping+verified_youtube_identity_mapping","http://www.wikidata.org/entity/Q107092978","95","verified","2026-08-16","2026-08-16"
"kenia os","Kenia Os","instagram","https://instagram.com/keniaos","verified_youtube_channel+channel_about_external_link","https://www.youtube.com/channel/UCSEY-xdBrV-J1zpLg9-mr6w/about","95","verified","2026-08-16","2026-08-16"
"kenia os","Kenia Os","tiktok","https://www.tiktok.com/@keniaos","verified_musicbrainz_mapping+wikidata_social_identifier+verified_spotify_mapping+verified_youtube_identity_mapping","http://www.wikidata.org/entity/Q107092978","95","verified","2026-08-16","2026-08-16"
"kenia os","Kenia Os","twitter","https://x.com/keniaos","verified_youtube_channel+channel_about_external_link","https://www.youtube.com/channel/UCSEY-xdBrV-J1zpLg9-mr6w/about","95","verified","2026-08-16","2026-08-16"
"kevin amf","Kevin AMF","facebook","https://www.facebook.com/Kevinamfoficial","verified_youtube_channel+channel_about_external_link","https://www.youtube.com/channel/UCqCFepxbMmg-q12tFcISF-w/about","95","verified","2026-08-16","2026-08-16"
"kevin amf","Kevin AMF","instagram","https://www.instagram.com/kevin._amf","verified_youtube_channel+channel_about_external_link","https://www.youtube.com/channel/UCqCFepxbMmg-q12tFcISF-w/about","95","verified","2026-08-16","2026-08-16"
"kevin amf","Kevin AMF","tiktok","https://www.tiktok.com/@kevin._amf","verified_youtube_channel+channel_about_external_link","https://www.youtube.com/channel/UCqCFepxbMmg-q12tFcISF-w/about","95","verified","2026-08-16","2026-08-16"
"kevin kaarl","Kevin Kaarl","facebook","https://www.facebook.com/KevinKaarl","verified_musicbrainz_mapping+wikidata_social_identifier+verified_spotify_mapping+verified_youtube_identity_mapping","http://www.wikidata.org/entity/Q110261472","95","verified","2026-08-16","2026-08-16"
"kevin kaarl","Kevin Kaarl","instagram","https://www.instagram.com/kevinkaarl","verified_musicbrainz_mapping+wikidata_social_identifier+verified_spotify_mapping+verified_youtube_identity_mapping","http://www.wikidata.org/entity/Q110261472","95","verified","2026-08-16","2026-08-16"
"kevin kaarl","Kevin Kaarl","tiktok","https://www.tiktok.com/@kevinkaarloficial","verified_musicbrainz_mapping+wikidata_social_identifier+verified_spotify_mapping+verified_youtube_identity_mapping","http://www.wikidata.org/entity/Q110261472","95","verified","2026-08-16","2026-08-16"
"kevin kaarl","Kevin Kaarl","twitter","https://x.com/kevinkaarl","verified_musicbrainz_mapping+wikidata_social_identifier+verified_spotify_mapping+verified_youtube_identity_mapping","http://www.wikidata.org/entity/Q110261472","95","verified","2026-08-16","2026-08-16"
"la adictiva","La Adictiva","facebook","https://www.facebook.com/adictivaoficial","verified_spotify_mapping+wikidata_social_identifier","http://www.wikidata.org/entity/Q54823876","95","verified","2026-08-16","2026-08-16"
"la adictiva","La Adictiva","facebook","http://facebook.com/adictivaoficial","verified_youtube_channel+channel_about_external_link","https://www.youtube.com/channel/UCNkwFuDn6zkt0Bpjg1BYVXw/about","95","verified","2026-08-16","2026-08-16"
"la adictiva","La Adictiva","instagram","https://www.instagram.com/adictivaoficial","verified_spotify_mapping+wikidata_social_identifier","http://www.wikidata.org/entity/Q54823876","95","verified","2026-08-16","2026-08-16"
"la adictiva","La Adictiva","instagram","http://instagram.com/adictivaoficial","verified_youtube_channel+channel_about_external_link","https://www.youtube.com/channel/UCNkwFuDn6zkt0Bpjg1BYVXw/about","95","verified","2026-08-16","2026-08-16"
"la adictiva","La Adictiva","tiktok","https://www.tiktok.com/@laadictivaoficial","verified_youtube_channel+channel_about_external_link","https://www.youtube.com/channel/UCNkwFuDn6zkt0Bpjg1BYVXw/about","95","verified","2026-08-16","2026-08-16"
"la adictiva","La Adictiva","twitter","https://x.com/adictivaoficial","verified_spotify_mapping+wikidata_social_identifier","http://www.wikidata.org/entity/Q54823876","95","verified","2026-08-16","2026-08-16"
"la adictiva","La Adictiva","twitter","http://twitter.com/adictivaoficial","verified_youtube_channel+channel_about_external_link","https://www.youtube.com/channel/UCNkwFuDn6zkt0Bpjg1BYVXw/about","95","verified","2026-08-16","2026-08-16"
"la apuesta","La Apuesta","facebook","https://www.facebook.com/Grupo-La-Apuesta-Oficial-172642722749413","verified_youtube_channel+channel_about_external_link","https://www.youtube.com/channel/UC7Z1I65u64WUgpqEG9RQBqA/about","95","verified","2026-08-16","2026-08-16"
"la apuesta","La Apuesta","instagram","https://www.instagram.com/grupolaapuesta","verified_youtube_channel+channel_about_external_link","https://www.youtube.com/channel/UC7Z1I65u64WUgpqEG9RQBqA/about","95","verified","2026-08-16","2026-08-16"
"la apuesta","La Apuesta","twitter","https://twitter.com/ApuestaOficial","verified_youtube_channel+channel_about_external_link","https://www.youtube.com/channel/UC7Z1I65u64WUgpqEG9RQBqA/about","95","verified","2026-08-16","2026-08-16"
"la arrolladora banda el limon","La Arrolladora Banda El Limón","facebook","https://www.facebook.com/arrolladoraoficial","verified_youtube_channel+channel_about_external_link","https://www.youtube.com/channel/UCUcO_QXDloLSiGNhxa5XWCA/about","95","verified","2026-08-16","2026-08-16"
"la arrolladora banda el limon","La Arrolladora Banda El Limón","instagram","https://www.instagram.com/arrolladoraoficial","verified_musicbrainz_mapping+wikidata_social_identifier+verified_spotify_mapping","http://www.wikidata.org/entity/Q3373508","95","verified","2026-08-16","2026-08-16"
"la arrolladora banda el limon","La Arrolladora Banda El Limón","instagram","https://instagram.com/arrolladoraoficial","verified_youtube_channel+channel_about_external_link","https://www.youtube.com/channel/UCUcO_QXDloLSiGNhxa5XWCA/about","95","verified","2026-08-16","2026-08-16"
"la arrolladora banda el limon","La Arrolladora Banda El Limón","tiktok","https://www.tiktok.com/@arrolladoraoficial","verified_youtube_channel+channel_about_external_link","https://www.youtube.com/channel/UCUcO_QXDloLSiGNhxa5XWCA/about","95","verified","2026-08-16","2026-08-16"
"la arrolladora banda el limon","La Arrolladora Banda El Limón","twitter","https://x.com/Arrolladora","verified_youtube_channel+channel_about_external_link","https://www.youtube.com/channel/UCUcO_QXDloLSiGNhxa5XWCA/about","95","verified","2026-08-16","2026-08-16"
"la decima banda","La Décima Banda","facebook","https://www.facebook.com/ladecimabanda","verified_musicbrainz_mapping+live_musicbrainz_url_relationship","","90","verified","2026-08-16","2026-08-16"
"la decima banda","La Décima Banda","instagram","https://www.instagram.com/ladecimabanda","verified_musicbrainz_mapping+live_musicbrainz_url_relationship","","90","verified","2026-08-16","2026-08-16"
"la dinastia de tuzantla michoacan","La Dinastía de Tuzantla Michoacán","facebook","https://www.facebook.com/ladinastiadetuzantlamichoacanoficial","verified_musicbrainz_mapping+live_musicbrainz_url_relationship","","90","verified","2026-08-16","2026-08-16"
"la dinastia de tuzantla michoacan","La Dinastía de Tuzantla Michoacán","facebook","https://www.facebook.com/LaDinastiaDeTuzantlaOficial","verified_musicbrainz_mapping+live_musicbrainz_url_relationship","","90","verified","2026-08-16","2026-08-16"
"la dinastia de tuzantla michoacan","La Dinastía de Tuzantla Michoacán","facebook","https://www.facebook.com/OfficialDinastia","verified_musicbrainz_mapping+live_musicbrainz_url_relationship","","90","verified","2026-08-16","2026-08-16"
"la dinastia de tuzantla michoacan","La Dinastía de Tuzantla Michoacán","facebook","https://www.facebook.com/p/La-Dinastia-de-Tuzantla-STAFF-100064719382502","verified_musicbrainz_mapping+live_musicbrainz_url_relationship","","90","verified","2026-08-16","2026-08-16"
"la dinastia de tuzantla michoacan","La Dinastía de Tuzantla Michoacán","instagram","https://www.instagram.com/ladinastiadetuzantlaoficial","verified_musicbrainz_mapping+live_musicbrainz_url_relationship","","90","verified","2026-08-16","2026-08-16"
"la dinastia de tuzantla michoacan","La Dinastía de Tuzantla Michoacán","tiktok","https://www.tiktok.com/@ladinastia.de.tuzantla","verified_musicbrainz_mapping+live_musicbrainz_url_relationship","","90","verified","2026-08-16","2026-08-16"
"la energia nortena","La Energia Nortena","facebook","https://www.facebook.com/LaEnergiaNortena","verified_youtube_channel+channel_about_external_link","https://www.youtube.com/channel/UC_iWeNJd3XR1T-bmQfM49Bg/about","95","verified","2026-08-16","2026-08-16"
"la energia nortena","La Energia Nortena","instagram","https://www.instagram.com/laenergianortena","verified_youtube_channel+channel_about_external_link","https://www.youtube.com/channel/UC_iWeNJd3XR1T-bmQfM49Bg/about","95","verified","2026-08-16","2026-08-16"
"la energia nortena","La Energia Nortena","tiktok","https://www.tiktok.com/@laenergianortena","verified_youtube_channel+channel_about_external_link","https://www.youtube.com/channel/UC_iWeNJd3XR1T-bmQfM49Bg/about","95","verified","2026-08-16","2026-08-16"
"la fiera de ojinaga","La Fiera de Ojinaga","facebook","https://www.facebook.com/fieradeojinaga","verified_youtube_channel+channel_about_external_link","https://www.youtube.com/channel/UC0tT3yAuvtC91BvOodYSRxA/about","95","verified","2026-08-16","2026-08-16"
"la fiera de ojinaga","La Fiera de Ojinaga","instagram","https://www.instagram.com/lafieradeojinaga","verified_youtube_channel+channel_about_external_link","https://www.youtube.com/channel/UC0tT3yAuvtC91BvOodYSRxA/about","95","verified","2026-08-16","2026-08-16"
"la fiera de ojinaga","La Fiera de Ojinaga","tiktok","https://www.tiktok.com/@lafieradeojinaga","verified_youtube_channel+channel_about_external_link","https://www.youtube.com/channel/UC0tT3yAuvtC91BvOodYSRxA/about","95","verified","2026-08-16","2026-08-16"
"la firma","La Firma","facebook","http://www.facebook.com/grupolafirma","verified_youtube_channel+channel_about_external_link","https://www.youtube.com/channel/UCoFUsC92ORPFK_SGHuDa10A/about","95","verified","2026-08-16","2026-08-16"
"la firma","La Firma","instagram","https://instagram.com/lafirmaoficial","verified_youtube_channel+channel_about_external_link","https://www.youtube.com/channel/UCoFUsC92ORPFK_SGHuDa10A/about","95","verified","2026-08-16","2026-08-16"
"la firma","La Firma","tiktok","https://www.tiktok.com/@lafirma.oficial","verified_youtube_channel+channel_about_external_link","https://www.youtube.com/channel/UCoFUsC92ORPFK_SGHuDa10A/about","95","verified","2026-08-16","2026-08-16"
"la incontenible banda astilleros","La Incontenible Banda Astilleros","facebook","https://www.facebook.com/INC.ASTILLEROS","verified_youtube_channel+channel_about_external_link","https://www.youtube.com/channel/UCnDILlQ193RGaWlAr5MoOhw/about","95","verified","2026-08-16","2026-08-16"
"la incontenible banda astilleros","La Incontenible Banda Astilleros","instagram","https://instagram.com/laincontenibleoficial","verified_youtube_channel+channel_about_external_link","https://www.youtube.com/channel/UCnDILlQ193RGaWlAr5MoOhw/about","95","verified","2026-08-16","2026-08-16"
"la kumbre con k","La Kumbre Con K","facebook","https://www.facebook.com/lakumbre.conk","verified_spotify_mapping+wikidata_social_identifier","http://www.wikidata.org/entity/Q104836863","95","verified","2026-08-16","2026-08-16"
"la leyenda","La Leyenda","facebook","https://www.facebook.com/laleyendagrupo","verified_youtube_channel+channel_about_external_link","https://www.youtube.com/channel/UCGt1Orw38XrxfZxOeKctXXQ/about","95","verified","2026-08-16","2026-08-16"
"la leyenda","La Leyenda","instagram","https://www.instagram.com/grupolaleyenda","verified_youtube_channel+channel_about_external_link","https://www.youtube.com/channel/UCGt1Orw38XrxfZxOeKctXXQ/about","95","verified","2026-08-16","2026-08-16"
"la leyenda","La Leyenda","twitter","https://twitter.com/grupolaleyenda","verified_youtube_channel+channel_about_external_link","https://www.youtube.com/channel/UCGt1Orw38XrxfZxOeKctXXQ/about","95","verified","2026-08-16","2026-08-16"
"la maquinaria nortena","La Maquinaria Norteña","facebook","https://www.facebook.com/Maquinariaoficial","verified_youtube_channel+channel_about_external_link","https://www.youtube.com/channel/UCzZB2qvG1jwS33OrjIB9Jrw/about","95","verified","2026-08-16","2026-08-16"
"la maquinaria nortena","La Maquinaria Norteña","instagram","https://www.instagram.com/lamaquinarianortena","verified_youtube_channel+channel_about_external_link","https://www.youtube.com/channel/UCzZB2qvG1jwS33OrjIB9Jrw/about","95","verified","2026-08-16","2026-08-16"
"la maquinaria nortena","La Maquinaria Norteña","tiktok","https://www.tiktok.com/@lamaquinarianortena","verified_youtube_channel+channel_about_external_link","https://www.youtube.com/channel/UCzZB2qvG1jwS33OrjIB9Jrw/about","95","verified","2026-08-16","2026-08-16"
"la maquinaria nortena","La Maquinaria Norteña","twitter","http://www.twitter.com","verified_youtube_channel+channel_about_external_link","https://www.youtube.com/channel/UCzZB2qvG1jwS33OrjIB9Jrw/about","95","verified","2026-08-16","2026-08-16"
"la original banda el limon de salvador lizarraga","La Original Banda El Limón de Salvador Lizárraga","facebook","https://www.facebook.com/oblsl","verified_musicbrainz_mapping+wikidata_social_identifier+verified_youtube_identity_mapping","http://www.wikidata.org/entity/Q16587656","95","verified","2026-08-16","2026-08-16"
"la original banda el limon de salvador lizarraga","La Original Banda El Limón de Salvador Lizárraga","facebook","https://www.facebook.com/originallimon","verified_musicbrainz_mapping+wikidata_social_identifier+verified_youtube_identity_mapping","http://www.wikidata.org/entity/Q16587656","95","verified","2026-08-16","2026-08-16"
"la original banda el limon de salvador lizarraga","La Original Banda El Limón de Salvador Lizárraga","facebook","https://www.facebook.com/laoriginalbandaellimon","verified_youtube_channel+channel_about_external_link","https://www.youtube.com/channel/UCl8yLONgn2DnLQnk5CDKIdw/about","95","verified","2026-08-16","2026-08-16"
"la original banda el limon de salvador lizarraga","La Original Banda El Limón de Salvador Lizárraga","instagram","https://www.instagram.com/originalbandaellimon","verified_youtube_channel+channel_about_external_link","https://www.youtube.com/channel/UCl8yLONgn2DnLQnk5CDKIdw/about","95","verified","2026-08-16","2026-08-16"
"la original banda el limon de salvador lizarraga","La Original Banda El Limón de Salvador Lizárraga","tiktok","https://www.tiktok.com/@laoriginalbandaellimon","verified_youtube_channel+channel_about_external_link","https://www.youtube.com/channel/UCl8yLONgn2DnLQnk5CDKIdw/about","95","verified","2026-08-16","2026-08-16"
"la original banda el limon de salvador lizarraga","La Original Banda El Limón de Salvador Lizárraga","twitter","https://x.com/originallimon","verified_musicbrainz_mapping+wikidata_social_identifier+verified_youtube_identity_mapping","http://www.wikidata.org/entity/Q16587656","95","verified","2026-08-16","2026-08-16"
"la original banda el limon de salvador lizarraga","La Original Banda El Limón de Salvador Lizárraga","twitter","https://x.com/OriginalLimonSL","verified_youtube_channel+channel_about_external_link","https://www.youtube.com/channel/UCl8yLONgn2DnLQnk5CDKIdw/about","95","verified","2026-08-16","2026-08-16"
"la poderosa banda san juan","La Poderosa Banda San Juan","facebook","https://www.facebook.com/poderosasanjuanoficial","verified_youtube_channel+channel_about_external_link","https://www.youtube.com/channel/UCahuGJFi8h2ge7slVHObFSQ/about","95","verified","2026-08-16","2026-08-16"
"la poderosa banda san juan","La Poderosa Banda San Juan","instagram","https://www.instagram.com/poderosabandasanjuan","verified_youtube_channel+channel_about_external_link","https://www.youtube.com/channel/UCahuGJFi8h2ge7slVHObFSQ/about","95","verified","2026-08-16","2026-08-16"
"la poderosa banda san juan","La Poderosa Banda San Juan","tiktok","https://www.tiktok.com/@poderosabandasanjuan","verified_youtube_channel+channel_about_external_link","https://www.youtube.com/channel/UCahuGJFi8h2ge7slVHObFSQ/about","95","verified","2026-08-16","2026-08-16"
"la poderosa banda san juan","La Poderosa Banda San Juan","twitter","https://twitter.com/poderosasanjuan","verified_youtube_channel+channel_about_external_link","https://www.youtube.com/channel/UCahuGJFi8h2ge7slVHObFSQ/about","95","verified","2026-08-16","2026-08-16"
"la receta","La Receta","facebook","https://www.facebook.com/grupolareceta","verified_youtube_channel+channel_about_external_link","https://www.youtube.com/channel/UC9jdPRDPT1nAZVYST509ocQ/about","95","verified","2026-08-16","2026-08-16"
"la receta","La Receta","instagram","https://www.instagram.com/larecetamusic","verified_youtube_channel+channel_about_external_link","https://www.youtube.com/channel/UC9jdPRDPT1nAZVYST509ocQ/about","95","verified","2026-08-16","2026-08-16"
"la receta","La Receta","tiktok","https://www.tiktok.com/@grupolareceta","verified_youtube_channel+channel_about_external_link","https://www.youtube.com/channel/UC9jdPRDPT1nAZVYST509ocQ/about","95","verified","2026-08-16","2026-08-16"
"la santa grifa","La Santa Grifa","instagram","https://www.instagram.com/la_santa_grifa_officcial","verified_youtube_channel+channel_about_external_link","https://www.youtube.com/channel/UCOHiOs8GrK0Nz8p_fbNnADQ/about","95","verified","2026-08-16","2026-08-16"
"la santa grifa","La Santa Grifa","instagram","https://www.instagram.com/somos.osos.oficial","verified_youtube_channel+channel_about_external_link","https://www.youtube.com/channel/UCOHiOs8GrK0Nz8p_fbNnADQ/about","95","verified","2026-08-16","2026-08-16"
"la santa grifa","La Santa Grifa","tiktok","https://www.tiktok.com/@lasantagrifaofficial_","verified_youtube_channel+channel_about_external_link","https://www.youtube.com/channel/UCOHiOs8GrK0Nz8p_fbNnADQ/about","95","verified","2026-08-16","2026-08-16"
"la septima banda","La Séptima Banda","facebook","http://www.facebook.com/laseptimabanda","verified_youtube_channel+channel_about_external_link","https://www.youtube.com/channel/UCMwB5LZs-B6Jy4nC8uo5YeA/about","95","verified","2026-08-16","2026-08-16"
"la septima banda","La Séptima Banda","instagram","http://www.instagram.com/laseptimabanda","verified_youtube_channel+channel_about_external_link","https://www.youtube.com/channel/UCMwB5LZs-B6Jy4nC8uo5YeA/about","95","verified","2026-08-16","2026-08-16"
"la sonora dinamita","La Sonora Dinamita","facebook","https://www.facebook.com/LASONORADINAMITADELUCHOARGAINYELSALOPEZ","verified_youtube_channel+channel_about_external_link","https://www.youtube.com/channel/UCKn7KxJ4CBkjvi8m8aBqMbA/about","95","verified","2026-08-16","2026-08-16"
"la sonora dinamita","La Sonora Dinamita","instagram","https://instagram.com/lasonoradinamita","verified_youtube_channel+channel_about_external_link","https://www.youtube.com/channel/UCKn7KxJ4CBkjvi8m8aBqMbA/about","95","verified","2026-08-16","2026-08-16"
"la sonora dinamita","La Sonora Dinamita","tiktok","https://www.tiktok.com/@lasonoradinamitaoficial","verified_youtube_channel+channel_about_external_link","https://www.youtube.com/channel/UCKn7KxJ4CBkjvi8m8aBqMbA/about","95","verified","2026-08-16","2026-08-16"
"la sonora dinamita","La Sonora Dinamita","twitter","https://twitter.com/SonnoraDinamita","verified_youtube_channel+channel_about_external_link","https://www.youtube.com/channel/UCKn7KxJ4CBkjvi8m8aBqMbA/about","95","verified","2026-08-16","2026-08-16"
"la zenda nortena","La Zenda Norteña","facebook","https://www.facebook.com/LaZendaNortena","verified_youtube_channel+channel_about_external_link","https://www.youtube.com/channel/UCd4NqcSKIaWLzeSjFuZq3DA/about","95","verified","2026-08-16","2026-08-16"
"la zenda nortena","La Zenda Norteña","instagram","https://www.instagram.com/lazendanortena","verified_youtube_channel+channel_about_external_link","https://www.youtube.com/channel/UCd4NqcSKIaWLzeSjFuZq3DA/about","95","verified","2026-08-16","2026-08-16"
"ladron","Ladrón","facebook","https://www.facebook.com/grupoladron","verified_musicbrainz_mapping+wikidata_social_identifier","http://www.wikidata.org/entity/Q5886296","95","verified","2026-08-16","2026-08-16"
"lalo mora","Lalo Mora","facebook","https://www.facebook.com/El-Rey-de-Mil-Coronas-Lalo-Mora-1397158697007372","verified_youtube_channel+channel_about_external_link","https://www.youtube.com/channel/UCBTfXGnecRSGCljT2hjho8w/about","95","verified","2026-08-16","2026-08-16"
"lalo mora","Lalo Mora","instagram","https://www.instagram.com/lalomoraelreydemilcoronas","verified_youtube_channel+channel_about_external_link","https://www.youtube.com/channel/UCBTfXGnecRSGCljT2hjho8w/about","95","verified","2026-08-16","2026-08-16"
"lalo mora","Lalo Mora","tiktok","https://www.tiktok.com/@lalomoraoficial","verified_youtube_channel+channel_about_external_link","https://www.youtube.com/channel/UCBTfXGnecRSGCljT2hjho8w/about","95","verified","2026-08-16","2026-08-16"
"larry hernandez","Larry Hernández","facebook","https://www.facebook.com/larry.hernandez","verified_musicbrainz_mapping+wikidata_social_identifier+verified_spotify_mapping","http://www.wikidata.org/entity/Q16216589","95","verified","2026-08-16","2026-08-16"
"larry hernandez","Larry Hernández","facebook","http://facebook.com/LarryHernandezMusica","verified_youtube_channel+channel_about_external_link","https://www.youtube.com/channel/UCvZPtyFvV6bKywbA6z16IyQ/about","95","verified","2026-08-16","2026-08-16"
"larry hernandez","Larry Hernández","instagram","https://www.instagram.com/larryhernandez","verified_musicbrainz_mapping+wikidata_social_identifier+verified_spotify_mapping","http://www.wikidata.org/entity/Q16216589","95","verified","2026-08-16","2026-08-16"
"larry hernandez","Larry Hernández","instagram","http://instagram.com/LarryHernandez","verified_youtube_channel+channel_about_external_link","https://www.youtube.com/channel/UCvZPtyFvV6bKywbA6z16IyQ/about","95","verified","2026-08-16","2026-08-16"
"larry hernandez","Larry Hernández","tiktok","https://www.tiktok.com/@larrymania","verified_youtube_channel+channel_about_external_link","https://www.youtube.com/channel/UCvZPtyFvV6bKywbA6z16IyQ/about","95","verified","2026-08-16","2026-08-16"
"larry hernandez","Larry Hernández","twitter","https://x.com/larryhernandez1","verified_musicbrainz_mapping+wikidata_social_identifier+verified_spotify_mapping","http://www.wikidata.org/entity/Q16216589","95","verified","2026-08-16","2026-08-16"
"larry hernandez","Larry Hernández","twitter","https://twitter.com/larryhernandez1","verified_youtube_channel+channel_about_external_link","https://www.youtube.com/channel/UCvZPtyFvV6bKywbA6z16IyQ/about","95","verified","2026-08-16","2026-08-16"
"lasso","Lasso","facebook","https://www.facebook.com/lassomusica","verified_youtube_channel+channel_about_external_link","https://www.youtube.com/channel/UC_-DFOq1gbrC8tccO49CJ-Q/about","95","verified","2026-08-16","2026-08-16"
"lasso","Lasso","instagram","https://instagram.com/LassoMusica","verified_youtube_channel+channel_about_external_link","https://www.youtube.com/channel/UC_-DFOq1gbrC8tccO49CJ-Q/about","95","verified","2026-08-16","2026-08-16"
"lasso","Lasso","twitter","https://twitter.com/LassoMusica","verified_youtube_channel+channel_about_external_link","https://www.youtube.com/channel/UC_-DFOq1gbrC8tccO49CJ-Q/about","95","verified","2026-08-16","2026-08-16"
"leandro rios","Leandro Ríos","facebook","https://www.facebook.com/leandroriosmx","verified_youtube_channel+channel_about_external_link","https://www.youtube.com/channel/UCtjQAm3I0tClEczl9PFXwRA/about","95","verified","2026-08-16","2026-08-16"
"leandro rios","Leandro Ríos","instagram","https://www.instagram.com/leandroriosmx","verified_youtube_channel+channel_about_external_link","https://www.youtube.com/channel/UCtjQAm3I0tClEczl9PFXwRA/about","95","verified","2026-08-16","2026-08-16"
"leandro rios","Leandro Ríos","twitter","https://www.twitter.com/leandroriosmx","verified_youtube_channel+channel_about_external_link","https://www.youtube.com/channel/UCtjQAm3I0tClEczl9PFXwRA/about","95","verified","2026-08-16","2026-08-16"
"legado 7","LEGADO 7","facebook","https://www.facebook.com/legado7","verified_youtube_channel+channel_about_external_link","https://www.youtube.com/channel/UC8rqLEwJP_F_c8rwtwj87ag/about","95","verified","2026-08-16","2026-08-16"
"legado 7","LEGADO 7","instagram","http://instagram.com/legado_7","verified_youtube_channel+channel_about_external_link","https://www.youtube.com/channel/UC8rqLEwJP_F_c8rwtwj87ag/about","95","verified","2026-08-16","2026-08-16"
"legion rg","Legion RG","instagram","https://www.instagram.com/legionrgofficial","verified_youtube_channel+channel_about_external_link","https://www.youtube.com/channel/UC8nVzhxMM3Fi0MVlZLcqa6A/about","95","verified","2026-08-16","2026-08-16"
"lenin ramirez","Lenin Ramírez","facebook","https://www.facebook.com/RAMIREZLENIN","verified_youtube_channel+channel_about_external_link","https://www.youtube.com/channel/UCRL7gFv5IzyE6bo4oE7aapw/about","95","verified","2026-08-16","2026-08-16"
"lenin ramirez","Lenin Ramírez","facebook","https://www.facebook.com/LeninRamirezOficial","current_secondary_directory","https://tiktokcelebrities.com/star/lenin-ramirez/","60","review","2026-08-16",""
"lenin ramirez","Lenin Ramírez","instagram","https://www.instagram.com/leninramirezoficial","current_secondary_directory_conflicts_with_older_press","https://tiktokcelebrities.com/star/lenin-ramirez/","60","review","2026-08-16",""
"lenin ramirez","Lenin Ramírez","tiktok","https://www.tiktok.com/@leninramirezoficial","current_secondary_directory","https://tiktokcelebrities.com/star/lenin-ramirez/","60","review","2026-08-16",""
"lenin ramirez","Lenin Ramírez","twitter","https://twitter.com/leninramirezmus","verified_youtube_channel+channel_about_external_link","https://www.youtube.com/channel/UCRL7gFv5IzyE6bo4oE7aapw/about","95","verified","2026-08-16","2026-08-16"
"lenin ramirez","Lenin Ramírez","twitter","https://x.com/LeninRamirezMx","current_secondary_directory_conflicts_with_older_press","https://tiktokcelebrities.com/star/lenin-ramirez/","55","review","2026-08-16",""
"leonardo aguilar","Leonardo Aguilar","facebook","https://www.facebook.com/LeonardoAguilarOficial","verified_youtube_channel+channel_about_external_link","https://www.youtube.com/channel/UCyFt_p2dDJguMhD46pweH3w/about","95","verified","2026-08-16","2026-08-16"
"leonardo aguilar","Leonardo Aguilar","instagram","https://www.instagram.com/leonardoaguilaroficial","verified_youtube_channel+channel_about_external_link","https://www.youtube.com/channel/UCyFt_p2dDJguMhD46pweH3w/about","95","verified","2026-08-16","2026-08-16"
"leonardo aguilar","Leonardo Aguilar","twitter","https://twitter.com/LAguilarOficial","verified_youtube_channel+channel_about_external_link","https://www.youtube.com/channel/UCyFt_p2dDJguMhD46pweH3w/about","95","verified","2026-08-16","2026-08-16"
"leonel garcia","Leonel García","facebook","http://www.facebook.com/LeonelGarciaOficial","verified_youtube_channel+channel_about_external_link","https://www.youtube.com/channel/UCmb6fjquVpoMXW_4sx7QCgw/about","95","verified","2026-08-16","2026-08-16"
"leonel garcia","Leonel García","instagram","https://www.instagram.com/leoelleon","verified_musicbrainz_mapping+wikidata_social_identifier+verified_spotify_mapping+verified_youtube_channel+channel_about_external_link","http://www.wikidata.org/entity/Q12179378 | https://www.youtube.com/channel/UCmb6fjquVpoMXW_4sx7QCgw/about","95","verified","2026-08-16","2026-08-16"
"leonel garcia","Leonel García","twitter","https://x.com/leonelgoficial","verified_musicbrainz_mapping+wikidata_social_identifier+verified_spotify_mapping","http://www.wikidata.org/entity/Q12179378","95","verified","2026-08-16","2026-08-16"
"leonel garcia","Leonel García","twitter","https://twitter.com/LeonelGOficial","verified_youtube_channel+channel_about_external_link","https://www.youtube.com/channel/UCmb6fjquVpoMXW_4sx7QCgw/about","95","verified","2026-08-16","2026-08-16"
"liberacion","Liberación","facebook","https://www.facebook.com/liberacionoficial","verified_youtube_channel+channel_about_external_link","https://www.youtube.com/channel/UCFERgv8iMIdv24MxR1GnAjg/about","95","verified","2026-08-16","2026-08-16"
"liberacion","Liberación","instagram","https://www.instagram.com/grupoliberacion","verified_youtube_channel+channel_about_external_link","https://www.youtube.com/channel/UCFERgv8iMIdv24MxR1GnAjg/about","95","verified","2026-08-16","2026-08-16"
"liberacion","Liberación","twitter","https://twitter.com/GroupLiberacion","verified_youtube_channel+channel_about_external_link","https://www.youtube.com/channel/UCFERgv8iMIdv24MxR1GnAjg/about","95","verified","2026-08-16","2026-08-16"
"lila downs","Lila Downs","facebook","https://www.facebook.com/LilaDownsOficial","verified_youtube_channel+channel_about_external_link","https://www.youtube.com/channel/UCddIE0jG7qBBBMZ3WRPJZcQ/about","95","verified","2026-08-16","2026-08-16"
"lila downs","Lila Downs","instagram","https://www.instagram.com/liladowns","verified_musicbrainz_mapping+wikidata_social_identifier+verified_spotify_mapping+verified_youtube_identity_mapping+verified_youtube_channel+channel_about_external_link","http://www.wikidata.org/entity/Q23880 | https://www.youtube.com/channel/UCddIE0jG7qBBBMZ3WRPJZcQ/about","95","verified","2026-08-16","2026-08-16"
"lila downs","Lila Downs","tiktok","https://www.tiktok.com/@liladownsmx","verified_youtube_channel+channel_about_external_link","https://www.youtube.com/channel/UCddIE0jG7qBBBMZ3WRPJZcQ/about","95","verified","2026-08-16","2026-08-16"
"lila downs","Lila Downs","twitter","https://x.com/liladowns","verified_musicbrainz_mapping+wikidata_social_identifier+verified_spotify_mapping+verified_youtube_identity_mapping","http://www.wikidata.org/entity/Q23880","95","verified","2026-08-16","2026-08-16"
"lila downs","Lila Downs","twitter","https://twitter.com/liladowns","verified_youtube_channel+channel_about_external_link","https://www.youtube.com/channel/UCddIE0jG7qBBBMZ3WRPJZcQ/about","95","verified","2026-08-16","2026-08-16"
"lorenzo de monteclaro","Lorenzo De Monteclaro","facebook","https://www.facebook.com/LorenzodeMonteclaroOficial","verified_musicbrainz_mapping+wikidata_social_identifier+verified_spotify_mapping","http://www.wikidata.org/entity/Q6680872","95","verified","2026-08-16","2026-08-16"
"lorenzo de monteclaro","Lorenzo De Monteclaro","instagram","https://www.instagram.com/lorenzodemonteclarooficial","verified_musicbrainz_mapping+wikidata_social_identifier+verified_spotify_mapping","http://www.wikidata.org/entity/Q6680872","95","verified","2026-08-16","2026-08-16"
"los 2 de la s","Los 2 de la S","facebook","https://www.facebook.com/los2delaS","verified_youtube_channel+channel_about_external_link","https://www.youtube.com/channel/UCsplRaBotDFZE79AnVwu9CA/about","95","verified","2026-08-16","2026-08-16"
"los 2 de la s","Los 2 de la S","instagram","https://www.instagram.com/los2delas","verified_youtube_channel+channel_about_external_link","https://www.youtube.com/channel/UCsplRaBotDFZE79AnVwu9CA/about","95","verified","2026-08-16","2026-08-16"
"los 2 de la s","Los 2 de la S","twitter","https://twitter.com/los2dela_s","verified_youtube_channel+channel_about_external_link","https://www.youtube.com/channel/UCsplRaBotDFZE79AnVwu9CA/about","95","verified","2026-08-16","2026-08-16"
"los acosta","Los Acosta","facebook","http://www.facebook.com/losacostamx","verified_youtube_channel+channel_about_external_link","https://www.youtube.com/channel/UCXmC2iwZaGEF-V-sjX3clVQ/about","95","verified","2026-08-16","2026-08-16"
"los acosta","Los Acosta","instagram","https://www.instagram.com/los_acosta","verified_youtube_channel+channel_about_external_link","https://www.youtube.com/channel/UCXmC2iwZaGEF-V-sjX3clVQ/about","95","verified","2026-08-16","2026-08-16"
"los acosta","Los Acosta","tiktok","https://vm.tiktok.com/ZMStSwxq1","verified_youtube_channel+channel_about_external_link","https://www.youtube.com/channel/UCXmC2iwZaGEF-V-sjX3clVQ/about","95","verified","2026-08-16","2026-08-16"
"los acosta","Los Acosta","tiktok","https://www.tiktok.com/@losacostaoficial","verified_youtube_channel+channel_about_external_link","https://www.youtube.com/channel/UCXmC2iwZaGEF-V-sjX3clVQ/about","95","verified","2026-08-16","2026-08-16"
"los alegres de la sierra","Los Alegres de la Sierra","instagram","https://www.instagram.com/alegresdelasierramx","verified_spotify_mapping+wikidata_social_identifier+verified_youtube_identity_mapping","http://www.wikidata.org/entity/Q5979289","95","verified","2026-08-16","2026-08-16"
"los alegres del barranco","Los Alegres Del Barranco","tiktok","https://www.tiktok.com/@alegresdelbarranco","verified_youtube_channel+channel_about_external_link","https://www.youtube.com/channel/UCJO7sHgAp86hH62JUhvDyBA/about","95","verified","2026-08-16","2026-08-16"
"los amos de nuevo leon","Los Amos De Nuevo Leon","facebook","http://www.facebook.com/LosAmosOficial","verified_youtube_channel+channel_about_external_link","https://www.youtube.com/channel/UCmC4-H3am4hs1b143HFYcXw/about","95","verified","2026-08-16","2026-08-16"
"los amos de nuevo leon","Los Amos De Nuevo Leon","instagram","http://www.instagram.com/LosAmosOficial","verified_youtube_channel+channel_about_external_link","https://www.youtube.com/channel/UCmC4-H3am4hs1b143HFYcXw/about","95","verified","2026-08-16","2026-08-16"
"los angeles azules","Los Angeles Azules","facebook","https://www.facebook.com/angelesazulesmx","verified_musicbrainz_mapping+wikidata_social_identifier+verified_spotify_mapping+verified_youtube_identity_mapping","http://www.wikidata.org/entity/Q5981294","95","verified","2026-08-16","2026-08-16"
"los angeles azules","Los Angeles Azules","facebook","http://www.facebook.com/angelesazulesmx","verified_youtube_channel+channel_about_external_link","https://www.youtube.com/channel/UCYTPYsuIRSu7o9xmeB_L4_g/about","95","verified","2026-08-16","2026-08-16"
"los angeles azules","Los Angeles Azules","instagram","https://www.instagram.com/angelesazulesmx","verified_youtube_channel+channel_about_external_link","https://www.youtube.com/channel/UCYTPYsuIRSu7o9xmeB_L4_g/about","95","verified","2026-08-16","2026-08-16"
"los angeles azules","Los Angeles Azules","twitter","https://x.com/angelesazulesmx","verified_musicbrainz_mapping+wikidata_social_identifier+verified_spotify_mapping+verified_youtube_identity_mapping","http://www.wikidata.org/entity/Q5981294","95","verified","2026-08-16","2026-08-16"
"los angeles azules","Los Angeles Azules","twitter","http://www.twitter.com/angelesazulesmx","verified_youtube_channel+channel_about_external_link","https://www.youtube.com/channel/UCYTPYsuIRSu7o9xmeB_L4_g/about","95","verified","2026-08-16","2026-08-16"
"los angeles de charly","Los Angeles de Charly","facebook","https://www.facebook.com/profile.php","verified_youtube_channel+channel_about_external_link+duplicate_catalog_assignment","https://www.youtube.com/channel/UCBXFcgB6Hm46jJjmdddqi-w/about","60","review","2026-08-16",""
"los angeles de charly","Los Angeles de Charly","instagram","https://www.instagram.com/losangelesdecharly_oficial","verified_youtube_channel+channel_about_external_link","https://www.youtube.com/channel/UCBXFcgB6Hm46jJjmdddqi-w/about","95","verified","2026-08-16","2026-08-16"
"los avila","Los Avila","facebook","https://www.facebook.com/LosAvilaMx","verified_youtube_channel+channel_about_external_link","https://www.youtube.com/channel/UCKISrQkXWPPNf950gmW9pCA/about","95","verified","2026-08-16","2026-08-16"
"los avila","Los Avila","instagram","https://www.instagram.com/losavilamx","verified_youtube_channel+channel_about_external_link","https://www.youtube.com/channel/UCKISrQkXWPPNf950gmW9pCA/about","95","verified","2026-08-16","2026-08-16"
"los buchones de culiacan","Los Buchones De Culiacan","facebook","https://www.facebook.com/LOSBUCHONESDECULIACANOFICIAL","verified_youtube_channel+channel_about_external_link","https://www.youtube.com/channel/UC6DElkiXtG9qoK9ZVG2BVuQ/about","95","verified","2026-08-16","2026-08-16"
"los buchones de culiacan","Los Buchones De Culiacan","instagram","https://www.instagram.com/losbuchonesdeculiacan","verified_youtube_channel+channel_about_external_link","https://www.youtube.com/channel/UC6DElkiXtG9qoK9ZVG2BVuQ/about","95","verified","2026-08-16","2026-08-16"
"los buchones de culiacan","Los Buchones De Culiacan","tiktok","https://www.tiktok.com/@losbuchonesdeculiacan","verified_youtube_channel+channel_about_external_link","https://www.youtube.com/channel/UC6DElkiXtG9qoK9ZVG2BVuQ/about","95","verified","2026-08-16","2026-08-16"
"los buitres de culiacan sinaloa","Los Buitres De Culiacan Sinaloa","facebook","https://www.facebook.com/LosBuitres1","verified_youtube_channel+channel_about_external_link","https://www.youtube.com/channel/UCWAm3BbgeXTtv1uS4sLDskQ/about","95","verified","2026-08-16","2026-08-16"
"los buitres de culiacan sinaloa","Los Buitres De Culiacan Sinaloa","instagram","https://www.instagram.com/losbuitres","verified_youtube_channel+channel_about_external_link","https://www.youtube.com/channel/UCWAm3BbgeXTtv1uS4sLDskQ/about","95","verified","2026-08-16","2026-08-16"
"los buitres de culiacan sinaloa","Los Buitres De Culiacan Sinaloa","twitter","https://www.twitter.com/LosBuitresofic","verified_youtube_channel+channel_about_external_link","https://www.youtube.com/channel/UCWAm3BbgeXTtv1uS4sLDskQ/about","95","verified","2026-08-16","2026-08-16"
"los bukis","Los Bukis","facebook","https://www.facebook.com/somoslosbukis","verified_youtube_channel+channel_about_external_link","https://www.youtube.com/channel/UClrHSSKR4lDucnfC7gnMMHg/about","95","verified","2026-08-16","2026-08-16"
"los bukis","Los Bukis","instagram","https://www.instagram.com/somoslosbukis","verified_youtube_channel+channel_about_external_link","https://www.youtube.com/channel/UClrHSSKR4lDucnfC7gnMMHg/about","95","verified","2026-08-16","2026-08-16"
"los bukis","Los Bukis","twitter","https://www.twitter.com/somoslosbukis","verified_youtube_channel+channel_about_external_link","https://www.youtube.com/channel/UClrHSSKR4lDucnfC7gnMMHg/about","95","verified","2026-08-16","2026-08-16"
"los bybys","Los Bybys","facebook","https://www.facebook.com/LosBybyss","verified_youtube_channel+channel_about_external_link","https://www.youtube.com/channel/UCf_1GAC2zRElkjTj-rRCkIg/about","95","verified","2026-08-16","2026-08-16"
"los bybys","Los Bybys","instagram","https://www.instagram.com/losbybys","verified_youtube_channel+channel_about_external_link","https://www.youtube.com/channel/UCf_1GAC2zRElkjTj-rRCkIg/about","95","verified","2026-08-16","2026-08-16"
"los bybys","Los Bybys","tiktok","https://www.tiktok.com/@losbybys","verified_youtube_channel+channel_about_external_link","https://www.youtube.com/channel/UCf_1GAC2zRElkjTj-rRCkIg/about","95","verified","2026-08-16","2026-08-16"
"los cachorros de juan villarreal","Los Cachorros de Juan Villarreal","facebook","https://www.facebook.com/LOSCACHORROSDEJUANVILLARREALOFFICIAL","verified_youtube_channel+channel_about_external_link","https://www.youtube.com/channel/UCRYE1ywCYyk4emED3QwR1fQ/about","95","verified","2026-08-16","2026-08-16"
"los cachorros de juan villarreal","Los Cachorros de Juan Villarreal","instagram","https://www.instagram.com/loscachorrosoficial","verified_youtube_channel+channel_about_external_link","https://www.youtube.com/channel/UCRYE1ywCYyk4emED3QwR1fQ/about","95","verified","2026-08-16","2026-08-16"
"los cadetes de linares","Los Cadetes de Linares","facebook","https://www.facebook.com/Los-cadetes-de-linares-y-sus-amigos-106902758499755","verified_youtube_channel+channel_about_external_link","https://www.youtube.com/channel/UCrCzQHlnP6iHB4od8lMcskA/about","95","verified","2026-08-16","2026-08-16"
"los cadetes de linares","Los Cadetes de Linares","instagram","https://www.instagram.com/loscadetesdelinares_oficial","verified_youtube_channel+channel_about_external_link","https://www.youtube.com/channel/UCrCzQHlnP6iHB4od8lMcskA/about","95","verified","2026-08-16","2026-08-16"
"los caimanes de sinaloa","Los Caimanes De Sinaloa","facebook","https://www.facebook.com/Loscaimanesdesinaloa","verified_youtube_channel+channel_about_external_link","https://www.youtube.com/channel/UCYZtmVH12zYygS2kt9tPWEw/about","95","verified","2026-08-16","2026-08-16"
"los caimanes de sinaloa","Los Caimanes De Sinaloa","instagram","https://www.instagram.com/loscaimanesdesinaloa","verified_youtube_channel+channel_about_external_link","https://www.youtube.com/channel/UCYZtmVH12zYygS2kt9tPWEw/about","95","verified","2026-08-16","2026-08-16"
"los caimanes de sinaloa","Los Caimanes De Sinaloa","tiktok","https://www.tiktok.com/@caimanesdesinaloaoficial","verified_youtube_channel+channel_about_external_link","https://www.youtube.com/channel/UCYZtmVH12zYygS2kt9tPWEw/about","95","verified","2026-08-16","2026-08-16"
"los chavalitos","Los Chavalitos","facebook","https://www.facebook.com/loschavalitosoficial","verified_youtube_channel+channel_about_external_link","https://www.youtube.com/channel/UCN_XanH6dDVBlnw0svxE0nw/about","95","verified","2026-08-16","2026-08-16"
"los chavalitos","Los Chavalitos","instagram","https://www.instagram.com/LosChavalitosOfficial","verified_youtube_channel+channel_about_external_link","https://www.youtube.com/channel/UCN_XanH6dDVBlnw0svxE0nw/about","95","verified","2026-08-16","2026-08-16"
"los chavalitos","Los Chavalitos","tiktok","https://www.tiktok.com/@LosChavalitosofficial","verified_youtube_channel+channel_about_external_link","https://www.youtube.com/channel/UCN_XanH6dDVBlnw0svxE0nw/about","95","verified","2026-08-16","2026-08-16"
"los dareyes de la sierra","Los Dareyes De La Sierra","facebook","https://www.facebook.com/DareyesdelaSierra","verified_youtube_channel+channel_about_external_link","https://www.youtube.com/channel/UC53jlmW227JD6fiGCP3TRzw/about","95","verified","2026-08-16","2026-08-16"
"los del limit","Los Del Limit","instagram","https://www.instagram.com/losdellimit_official","verified_youtube_channel+channel_about_external_link","https://www.youtube.com/channel/UCa1RgKJBBQqKurJE1JwTmTw/about","95","verified","2026-08-16","2026-08-16"
"los del limit","Los Del Limit","tiktok","https://www.tiktok.com/@losdel_limit","verified_youtube_channel+channel_about_external_link","https://www.youtube.com/channel/UCa1RgKJBBQqKurJE1JwTmTw/about","95","verified","2026-08-16","2026-08-16"
"los dorados","Los Dorados","facebook","https://www.facebook.com/LosDorados0","verified_musicbrainz_mapping+live_musicbrainz_url_relationship","","90","verified","2026-08-16","2026-08-16"
"los dorados","Los Dorados","instagram","https://www.instagram.com/losdorados_oficial","verified_musicbrainz_mapping+live_musicbrainz_url_relationship","","90","verified","2026-08-16","2026-08-16"
"los dos carnales","Los Dos Carnales","facebook","https://www.facebook.com/losdoscarnales","verified_youtube_channel+channel_about_external_link","https://www.youtube.com/channel/UCHU1sgg0A354C5-jtunzHPQ/about","95","verified","2026-08-16","2026-08-16"
"los dos carnales","Los Dos Carnales","instagram","https://www.instagram.com/los2carnales","verified_youtube_channel+channel_about_external_link","https://www.youtube.com/channel/UCHU1sgg0A354C5-jtunzHPQ/about","95","verified","2026-08-16","2026-08-16"
"los elegantes de jerez","Los Elegantes De Jerez","facebook","https://www.facebook.com/LosElegantesdeJerez","verified_musicbrainz_mapping+live_musicbrainz_url_relationship","","90","verified","2026-08-16","2026-08-16"
"los elegantes de jerez","Los Elegantes De Jerez","instagram","https://www.instagram.com/loselegantesdejerez","verified_musicbrainz_mapping+live_musicbrainz_url_relationship","","90","verified","2026-08-16","2026-08-16"
"los elegantes de jerez","Los Elegantes De Jerez","twitter","https://twitter.com/LsElegantesDJrz","verified_musicbrainz_mapping+live_musicbrainz_url_relationship","","90","verified","2026-08-16","2026-08-16"
"los esquivel","Los Esquivel","instagram","https://www.instagram.com/losesquivel_","verified_youtube_channel+channel_about_external_link","https://www.youtube.com/channel/UCvhFZE3o--N2ErGpe2vk49A/about","95","verified","2026-08-16","2026-08-16"
"los esquivel","Los Esquivel","tiktok","https://www.tiktok.com/@sebastian.esquivel31","verified_youtube_channel+channel_about_external_link+duplicate_catalog_assignment","https://www.youtube.com/channel/UCvhFZE3o--N2ErGpe2vk49A/about","60","review","2026-08-16",""
"los farmerz","Los Farmerz","facebook","http://m.facebook.com/losfarmerzOfficial","verified_youtube_channel+channel_about_external_link","https://www.youtube.com/channel/UCYsC4c5K_x3qazokwtnUjfQ/about","95","verified","2026-08-16","2026-08-16"
"los farmerz","Los Farmerz","instagram","https://www.instagram.com/losfarmerz","verified_youtube_channel+channel_about_external_link","https://www.youtube.com/channel/UCYsC4c5K_x3qazokwtnUjfQ/about","95","verified","2026-08-16","2026-08-16"
"los felinos","Los Felinos","facebook","https://www.facebook.com/LOSFELINOSGRUPOORIGINAL10","verified_youtube_channel+channel_about_external_link","https://www.youtube.com/channel/UC-85dFQf4BmB5C5hAUCG3bQ/about","95","verified","2026-08-16","2026-08-16"
"los felinos","Los Felinos","instagram","https://instagram.com/losfelinosoficial","verified_youtube_channel+channel_about_external_link","https://www.youtube.com/channel/UC-85dFQf4BmB5C5hAUCG3bQ/about","95","verified","2026-08-16","2026-08-16"
"los gemelos de sinaloa","Los Gemelos De Sinaloa","facebook","https://www.facebook.com/losgemelosdesinaloa","verified_youtube_channel+channel_about_external_link","https://www.youtube.com/channel/UCJM7EF35QqPBxcmFxSk7TcA/about","95","verified","2026-08-16","2026-08-16"
"los gemelos de sinaloa","Los Gemelos De Sinaloa","instagram","https://www.instagram.com/losgemelosdesinaloa","verified_youtube_channel+channel_about_external_link","https://www.youtube.com/channel/UCJM7EF35QqPBxcmFxSk7TcA/about","95","verified","2026-08-16","2026-08-16"
"los gemelos de sinaloa","Los Gemelos De Sinaloa","tiktok","https://www.tiktok.com/@losgemelosdesinaloa","verified_youtube_channel+channel_about_external_link","https://www.youtube.com/channel/UCJM7EF35QqPBxcmFxSk7TcA/about","95","verified","2026-08-16","2026-08-16"
"los hijos del pueblo","Los Hijos Del Pueblo","facebook","https://facebook.com/loshijosdelpuebloOficial","verified_youtube_channel+channel_about_external_link","https://www.youtube.com/channel/UCtME7NYLuM5fyA5FAHbd5mA/about","95","verified","2026-08-16","2026-08-16"
"los hijos del pueblo","Los Hijos Del Pueblo","instagram","https://instagram.com/loshijosdelpuebloOficial","verified_youtube_channel+channel_about_external_link","https://www.youtube.com/channel/UCtME7NYLuM5fyA5FAHbd5mA/about","95","verified","2026-08-16","2026-08-16"
"los hijos del pueblo","Los Hijos Del Pueblo","tiktok","https://www.tiktok.com/@hijosdelpueblo","verified_youtube_channel+channel_about_external_link","https://www.youtube.com/channel/UCtME7NYLuM5fyA5FAHbd5mA/about","95","verified","2026-08-16","2026-08-16"
"los hijos del pueblo","Los Hijos Del Pueblo","twitter","https://twitter.com/hijosdelpueblo","verified_youtube_channel+channel_about_external_link","https://www.youtube.com/channel/UCtME7NYLuM5fyA5FAHbd5mA/about","95","verified","2026-08-16","2026-08-16"
"los hnos rodriguez","Los Hnos Rodriguez","facebook","https://www.facebook.com/loshnosrodriguez","verified_youtube_channel+channel_about_external_link","https://www.youtube.com/channel/UCuN6HfdkpHSItQWVPcSuhdg/about","95","verified","2026-08-16","2026-08-16"
"los hnos rodriguez","Los Hnos Rodriguez","instagram","https://www.instagram.com/loshnosrodriguezoficial","verified_youtube_channel+channel_about_external_link","https://www.youtube.com/channel/UCuN6HfdkpHSItQWVPcSuhdg/about","95","verified","2026-08-16","2026-08-16"
"los hnos rodriguez","Los Hnos Rodriguez","tiktok","https://www.tiktok.com/@loshnos.rodriguez","verified_youtube_channel+channel_about_external_link","https://www.youtube.com/channel/UCuN6HfdkpHSItQWVPcSuhdg/about","95","verified","2026-08-16","2026-08-16"
"los horoscopos de durango","Los Horóscopos De Durango","facebook","https://www.facebook.com/loshoroscoposdedurango","verified_musicbrainz_mapping+wikidata_social_identifier+verified_spotify_mapping","http://www.wikidata.org/entity/Q3140890","95","verified","2026-08-16","2026-08-16"
"los horoscopos de durango","Los Horóscopos De Durango","instagram","https://www.instagram.com/loshoroscoposdedgo","verified_musicbrainz_mapping+wikidata_social_identifier+verified_spotify_mapping","http://www.wikidata.org/entity/Q3140890","95","verified","2026-08-16","2026-08-16"
"los huracanes del norte","Los Huracanes del Norte","facebook","https://www.facebook.com/LosHuracanesDelNorte","verified_youtube_channel+channel_about_external_link","https://www.youtube.com/channel/UC2agm89M64bXK2fIfOKsaJw/about","95","verified","2026-08-16","2026-08-16"
"los huracanes del norte","Los Huracanes del Norte","instagram","https://www.instagram.com/loshuracanesdelnorte","verified_youtube_channel+channel_about_external_link","https://www.youtube.com/channel/UC2agm89M64bXK2fIfOKsaJw/about","95","verified","2026-08-16","2026-08-16"
"los huracanes del norte","Los Huracanes del Norte","twitter","https://x.com/huracanesdeln","verified_musicbrainz_mapping+wikidata_social_identifier+verified_spotify_mapping","http://www.wikidata.org/entity/Q6682851","95","verified","2026-08-16","2026-08-16"
"los huracanes del norte","Los Huracanes del Norte","twitter","https://twitter.com/huracanesdeln","verified_youtube_channel+channel_about_external_link","https://www.youtube.com/channel/UC2agm89M64bXK2fIfOKsaJw/about","95","verified","2026-08-16","2026-08-16"
"los inquietos del norte","Los Inquietos Del Norte","facebook","http://www.facebook.com/inquietosapp","verified_youtube_channel+channel_about_external_link","https://www.youtube.com/channel/UC1_forwlUo6KSzVUD1lCtpw/about","95","verified","2026-08-16","2026-08-16"
"los inquietos del norte","Los Inquietos Del Norte","instagram","https://www.instagram.com/losinquietosdelnorteoficial","verified_youtube_channel+channel_about_external_link","https://www.youtube.com/channel/UC1_forwlUo6KSzVUD1lCtpw/about","95","verified","2026-08-16","2026-08-16"
"los inquietos del norte","Los Inquietos Del Norte","tiktok","https://www.tiktok.com/@losinquietosdelnorte","verified_youtube_channel+channel_about_external_link","https://www.youtube.com/channel/UC1_forwlUo6KSzVUD1lCtpw/about","95","verified","2026-08-16","2026-08-16"
"los invasores de nuevo leon","Los Invasores De Nuevo León","facebook","https://www.facebook.com/LOSINVASORESDENUEVOLEONOFICIAL","verified_youtube_channel+channel_about_external_link","https://www.youtube.com/channel/UCrUaTcdw9MShJyR29bmBQCw/about","95","verified","2026-08-16","2026-08-16"
"los invasores de nuevo leon","Los Invasores De Nuevo León","instagram","https://www.instagram.com/grupoinvasores","verified_youtube_channel+channel_about_external_link","https://www.youtube.com/channel/UCrUaTcdw9MShJyR29bmBQCw/about","95","verified","2026-08-16","2026-08-16"
"los invasores de nuevo leon","Los Invasores De Nuevo León","tiktok","https://www.tiktok.com/@losinvasoresdenl.oficial","verified_youtube_channel+channel_about_external_link","https://www.youtube.com/channel/UCrUaTcdw9MShJyR29bmBQCw/about","95","verified","2026-08-16","2026-08-16"
"los karkik s","Los Karkik's","facebook","https://www.facebook.com/LosKarkiksOficial","verified_musicbrainz_mapping+live_musicbrainz_url_relationship","","90","verified","2026-08-16","2026-08-16"
"los lara","Los Lara","facebook","https://www.facebook.com/Los-lara-karaokes-102297018958771","verified_youtube_channel+channel_about_external_link","https://www.youtube.com/channel/UCZiHHxkAFzeMrkByF52C13Q/about","95","verified","2026-08-16","2026-08-16"
"los lara","Los Lara","instagram","https://www.instagram.com/invites/contact","verified_youtube_channel+channel_about_external_link","https://www.youtube.com/channel/UCZiHHxkAFzeMrkByF52C13Q/about","95","verified","2026-08-16","2026-08-16"
"los lara","Los Lara","tiktok","https://www.tiktok.com/@los.lara.fans.2022","verified_youtube_channel+channel_about_external_link","https://www.youtube.com/channel/UCZiHHxkAFzeMrkByF52C13Q/about","95","verified","2026-08-16","2026-08-16"
"los lara","Los Lara","twitter","https://twitter.com/583Comando","verified_youtube_channel+channel_about_external_link","https://www.youtube.com/channel/UCZiHHxkAFzeMrkByF52C13Q/about","95","verified","2026-08-16","2026-08-16"
"los lobos","Los Lobos","facebook","https://www.facebook.com/LosLobosMusic","verified_musicbrainz_mapping+wikidata_social_identifier+verified_spotify_mapping+verified_youtube_identity_mapping","http://www.wikidata.org/entity/Q370400","95","verified","2026-08-16","2026-08-16"
"los lobos","Los Lobos","facebook","http://facebook.com/LosLobosMusic","verified_youtube_channel+channel_about_external_link","https://www.youtube.com/channel/UCiU3-Zvk3LEAvhfhkBOwwpw/about","95","verified","2026-08-16","2026-08-16"
"los lobos","Los Lobos","instagram","https://www.instagram.com/loslobos","verified_musicbrainz_mapping+wikidata_social_identifier+verified_spotify_mapping+verified_youtube_identity_mapping","http://www.wikidata.org/entity/Q370400","95","verified","2026-08-16","2026-08-16"
"los lobos","Los Lobos","instagram","http://www.instagram.com/loslobos","verified_youtube_channel+channel_about_external_link","https://www.youtube.com/channel/UCiU3-Zvk3LEAvhfhkBOwwpw/about","95","verified","2026-08-16","2026-08-16"
"los lobos","Los Lobos","twitter","https://x.com/loslobosband","verified_musicbrainz_mapping+wikidata_social_identifier+verified_spotify_mapping+verified_youtube_identity_mapping","http://www.wikidata.org/entity/Q370400","95","verified","2026-08-16","2026-08-16"
"los lobos","Los Lobos","twitter","http://www.twitter.com/loslobosband","verified_youtube_channel+channel_about_external_link","https://www.youtube.com/channel/UCiU3-Zvk3LEAvhfhkBOwwpw/about","95","verified","2026-08-16","2026-08-16"
"los mentados de culiacan","Los Mentados De Culiacán","facebook","https://www.facebook.com/losmentadosdeculiacanoficial","verified_youtube_channel+channel_about_external_link","https://www.youtube.com/channel/UCGYeJdVpXSanx_rhUADer4Q/about","95","verified","2026-08-16","2026-08-16"
"los mentados de culiacan","Los Mentados De Culiacán","instagram","https://www.instagram.com/losmentadosdeculiacanoficial","verified_youtube_channel+channel_about_external_link","https://www.youtube.com/channel/UCGYeJdVpXSanx_rhUADer4Q/about","95","verified","2026-08-16","2026-08-16"
"los mentados de culiacan","Los Mentados De Culiacán","tiktok","https://www.tiktok.com/@losmentadosdeclnoficial","verified_youtube_channel+channel_about_external_link","https://www.youtube.com/channel/UCGYeJdVpXSanx_rhUADer4Q/about","95","verified","2026-08-16","2026-08-16"
"los mier","Los Mier","facebook","https://www.facebook.com/losmieroficial","verified_youtube_channel+channel_about_external_link","https://www.youtube.com/channel/UCmxsBmG8rJtqOJf0uXkLA8A/about","95","verified","2026-08-16","2026-08-16"
"los mier","Los Mier","instagram","https://www.instagram.com/losmieroficial","verified_youtube_channel+channel_about_external_link","https://www.youtube.com/channel/UCmxsBmG8rJtqOJf0uXkLA8A/about","95","verified","2026-08-16","2026-08-16"
"los mier","Los Mier","tiktok","https://www.tiktok.com/@losmieroficial","verified_youtube_channel+channel_about_external_link","https://www.youtube.com/channel/UCmxsBmG8rJtqOJf0uXkLA8A/about","95","verified","2026-08-16","2026-08-16"
"los mier","Los Mier","twitter","https://twitter.com/losmieroficial","verified_youtube_channel+channel_about_external_link","https://www.youtube.com/channel/UCmxsBmG8rJtqOJf0uXkLA8A/about","95","verified","2026-08-16","2026-08-16"
"los morros del norte","Los Morros Del Norte","facebook","https://www.facebook.com/morrosdelnorte","verified_musicbrainz_mapping+wikidata_social_identifier","http://www.wikidata.org/entity/Q18216972","95","verified","2026-08-16","2026-08-16"
"los nuevos ilegales","Los Nuevos Ilegales","facebook","https://www.facebook.com/LosNuevosIlegales","verified_musicbrainz_mapping+live_musicbrainz_url_relationship","","90","verified","2026-08-16","2026-08-16"
"los nuevos ilegales","Los Nuevos Ilegales","instagram","https://www.instagram.com/losnuevosilegales","verified_musicbrainz_mapping+live_musicbrainz_url_relationship","","90","verified","2026-08-16","2026-08-16"
"los nuevos ilegales","Los Nuevos Ilegales","tiktok","https://www.tiktok.com/@losnuevosilegales","verified_musicbrainz_mapping+live_musicbrainz_url_relationship","","90","verified","2026-08-16","2026-08-16"
"los nuevos rebeldes","Los Nuevos Rebeldes","facebook","https://www.facebook.com/p/Los-Nuevos-Rebeldes-Oficial-61552692037608","verified_musicbrainz_mapping+live_musicbrainz_url_relationship","","90","verified","2026-08-16","2026-08-16"
"los originales de san juan","Los Originales De San Juan","facebook","https://www.facebook.com/losoriginalesdesanjuan","verified_musicbrainz_mapping+live_musicbrainz_url_relationship","","90","verified","2026-08-16","2026-08-16"
"los originales de san juan","Los Originales De San Juan","instagram","https://www.instagram.com/losoriginalesdesanjuanoficial","verified_musicbrainz_mapping+live_musicbrainz_url_relationship","","90","verified","2026-08-16","2026-08-16"
"los originales de san juan","Los Originales De San Juan","tiktok","https://www.tiktok.com/@originalesdesanjuan","verified_musicbrainz_mapping+live_musicbrainz_url_relationship","","90","verified","2026-08-16","2026-08-16"
"los parras","Los Parras","instagram","https://www.instagram.com/losparras_official","verified_musicbrainz_mapping+live_musicbrainz_url_relationship","","90","verified","2026-08-16","2026-08-16"
"los pescadores del rio conchos","Los Pescadores Del Rio Conchos","facebook","https://www.facebook.com/PESCADORESDRC","verified_youtube_channel+channel_about_external_link","https://www.youtube.com/channel/UCuPblj-KQQV0mZM-2G235YQ/about","95","verified","2026-08-16","2026-08-16"
"los pescadores del rio conchos","Los Pescadores Del Rio Conchos","instagram","https://www.instagram.com/lospescadoresdrc","verified_youtube_channel+channel_about_external_link","https://www.youtube.com/channel/UCuPblj-KQQV0mZM-2G235YQ/about","95","verified","2026-08-16","2026-08-16"
"los pescadores del rio conchos","Los Pescadores Del Rio Conchos","tiktok","https://www.tiktok.com/@lospescadoresdrc","verified_youtube_channel+channel_about_external_link","https://www.youtube.com/channel/UCuPblj-KQQV0mZM-2G235YQ/about","95","verified","2026-08-16","2026-08-16"
"los plebes del rancho de ariel camacho","Los Plebes del Rancho de Ariel Camacho","facebook","https://www.facebook.com/JGMusicOficial","verified_musicbrainz_mapping+wikidata_social_identifier","http://www.wikidata.org/entity/Q28155527","95","verified","2026-08-16","2026-08-16"
"los plebes del rancho de ariel camacho","Los Plebes del Rancho de Ariel Camacho","instagram","https://www.instagram.com/losplebesdelrancho_oficial","verified_musicbrainz_mapping+wikidata_social_identifier","http://www.wikidata.org/entity/Q28155527","95","verified","2026-08-16","2026-08-16"
"los primos del este","Los Primos del Este","instagram","https://www.instagram.com/losprimosdeleste","verified_youtube_channel+channel_about_external_link","https://www.youtube.com/channel/UCRQXr5hYqOkXPj_XaG3JXxw/about","95","verified","2026-08-16","2026-08-16"
"los primos del este","Los Primos del Este","tiktok","https://www.tiktok.com/@losprimosdeleste","verified_youtube_channel+channel_about_external_link","https://www.youtube.com/channel/UCRQXr5hYqOkXPj_XaG3JXxw/about","95","verified","2026-08-16","2026-08-16"
"los primos mx","Los Primos MX","facebook","https://www.facebook.com/PrimosMX","verified_youtube_channel+channel_about_external_link","https://www.youtube.com/channel/UCUh63z95RFCJ_P0n613ogbw/about","95","verified","2026-08-16","2026-08-16"
"los primos mx","Los Primos MX","instagram","http://instagram.com/PrimoxMx","verified_youtube_channel+channel_about_external_link","https://www.youtube.com/channel/UCUh63z95RFCJ_P0n613ogbw/about","95","verified","2026-08-16","2026-08-16"
"los primos mx","Los Primos MX","tiktok","https://www.tiktok.com/@primos.mx","verified_youtube_channel+channel_about_external_link","https://www.youtube.com/channel/UCUh63z95RFCJ_P0n613ogbw/about","95","verified","2026-08-16","2026-08-16"
"los primos mx","Los Primos MX","twitter","https://x.com/PrimosMx","verified_youtube_channel+channel_about_external_link","https://www.youtube.com/channel/UCUh63z95RFCJ_P0n613ogbw/about","95","verified","2026-08-16","2026-08-16"
"los rehenes","Los Rehenes","facebook","https://www.facebook.com/LosRehenesMusic","verified_youtube_channel+channel_about_external_link","https://www.youtube.com/channel/UCJaMVmqpi2-AD_z8nu-KRpA/about","95","verified","2026-08-16","2026-08-16"
"los rehenes","Los Rehenes","instagram","https://www.instagram.com/losrehenesoficial","verified_youtube_channel+channel_about_external_link","https://www.youtube.com/channel/UCJaMVmqpi2-AD_z8nu-KRpA/about","95","verified","2026-08-16","2026-08-16"
"los rehenes","Los Rehenes","tiktok","https://www.tiktok.com/@losrehenesoficial","verified_youtube_channel+channel_about_external_link","https://www.youtube.com/channel/UCJaMVmqpi2-AD_z8nu-KRpA/about","95","verified","2026-08-16","2026-08-16"
"los rieleros del norte","Los Rieleros Del Norte","facebook","http://www.facebook.com/losrielerosdelnorte1","verified_youtube_channel+channel_about_external_link","https://www.youtube.com/channel/UCiqvumKhL3fgJRw7chlebYA/about","95","verified","2026-08-16","2026-08-16"
"los rieleros del norte","Los Rieleros Del Norte","instagram","http://instagram.com/losrielerosdelnorte","verified_youtube_channel+channel_about_external_link","https://www.youtube.com/channel/UCiqvumKhL3fgJRw7chlebYA/about","95","verified","2026-08-16","2026-08-16"
"los rieleros del norte","Los Rieleros Del Norte","twitter","https://twitter.com/losrieleros","verified_youtube_channel+channel_about_external_link","https://www.youtube.com/channel/UCiqvumKhL3fgJRw7chlebYA/about","95","verified","2026-08-16","2026-08-16"
"los rojos","Los Rojos","facebook","https://www.facebook.com/Los-ROJOS-573583889377733","verified_youtube_channel+channel_about_external_link","https://www.youtube.com/channel/UCTe6zB4NGI31808EJIk3PyQ/about","95","verified","2026-08-16","2026-08-16"
"los rojos","Los Rojos","instagram","https://www.instagram.com/grupolosrojos","verified_youtube_channel+channel_about_external_link","https://www.youtube.com/channel/UCTe6zB4NGI31808EJIk3PyQ/about","95","verified","2026-08-16","2026-08-16"
"los rojos","Los Rojos","twitter","https://twitter.com/grupolosrojos","verified_youtube_channel+channel_about_external_link","https://www.youtube.com/channel/UCTe6zB4NGI31808EJIk3PyQ/about","95","verified","2026-08-16","2026-08-16"
"los socios del ritmo","Los Socios Del Ritmo","facebook","https://www.facebook.com/pages/LOS-SOCIOS-DEL-RITMO-official/232188350129055","verified_youtube_channel+channel_about_external_link","https://www.youtube.com/channel/UCzcz0joqXPuirROzUcFpnjA/about","95","verified","2026-08-16","2026-08-16"
"los socios del ritmo","Los Socios Del Ritmo","instagram","https://www.instagram.com/lossociosdelritmo","verified_youtube_channel+channel_about_external_link","https://www.youtube.com/channel/UCzcz0joqXPuirROzUcFpnjA/about","95","verified","2026-08-16","2026-08-16"
"los socios del ritmo","Los Socios Del Ritmo","tiktok","https://www.tiktok.com/@lossociosdelritmo","verified_youtube_channel+channel_about_external_link","https://www.youtube.com/channel/UCzcz0joqXPuirROzUcFpnjA/about","95","verified","2026-08-16","2026-08-16"
"los socios del ritmo","Los Socios Del Ritmo","twitter","https://twitter.com/SOCIOSDELRITMO1","verified_youtube_channel+channel_about_external_link","https://www.youtube.com/channel/UCzcz0joqXPuirROzUcFpnjA/about","95","verified","2026-08-16","2026-08-16"
"los temerarios","Los Temerarios","facebook","https://www.facebook.com/Official.Los.Temerarios","verified_youtube_channel+channel_about_external_link","https://www.youtube.com/channel/UCGmAE7KNR1w6dkLWfe8u-Jw/about","95","verified","2026-08-16","2026-08-16"
"los temerarios","Los Temerarios","instagram","https://instagram.com/lostemerarios","verified_youtube_channel+channel_about_external_link","https://www.youtube.com/channel/UCGmAE7KNR1w6dkLWfe8u-Jw/about","95","verified","2026-08-16","2026-08-16"
"los temerarios","Los Temerarios","twitter","https://x.com/los_temerarios","verified_musicbrainz_mapping+wikidata_social_identifier","http://www.wikidata.org/entity/Q3244395","95","verified","2026-08-16","2026-08-16"
"los temerarios","Los Temerarios","twitter","https://twitter.com/los_temerarios","verified_youtube_channel+channel_about_external_link","https://www.youtube.com/channel/UCGmAE7KNR1w6dkLWfe8u-Jw/about","95","verified","2026-08-16","2026-08-16"
"los tigres del norte","Los Tigres Del Norte","facebook","https://www.facebook.com/LosTigresDelNorte","verified_youtube_channel+channel_about_external_link","https://www.youtube.com/channel/UCcAeCxhKNEZ-KkCr6yTLhEw/about","95","verified","2026-08-16","2026-08-16"
"los tigres del norte","Los Tigres Del Norte","instagram","https://www.instagram.com/lostigresdelnorte","verified_musicbrainz_mapping+wikidata_social_identifier+verified_spotify_mapping+verified_youtube_identity_mapping","http://www.wikidata.org/entity/Q1467310","95","verified","2026-08-16","2026-08-16"
"los tigres del norte","Los Tigres Del Norte","instagram","http://instagram.com/LosTigresDelNorte","verified_youtube_channel+channel_about_external_link","https://www.youtube.com/channel/UCcAeCxhKNEZ-KkCr6yTLhEw/about","95","verified","2026-08-16","2026-08-16"
"los tigres del norte","Los Tigres Del Norte","tiktok","https://www.tiktok.com/@lostigresdelnorte","verified_youtube_channel+channel_about_external_link","https://www.youtube.com/channel/UCcAeCxhKNEZ-KkCr6yTLhEw/about","95","verified","2026-08-16","2026-08-16"
"los tigres del norte","Los Tigres Del Norte","twitter","https://x.com/tigresdelnorte","verified_musicbrainz_mapping+wikidata_social_identifier+verified_spotify_mapping+verified_youtube_identity_mapping","http://www.wikidata.org/entity/Q1467310","95","verified","2026-08-16","2026-08-16"
"los titanes de durango","Los Titanes De Durango","facebook","https://www.facebook.com/lostitanesdedurango","verified_musicbrainz_mapping+live_musicbrainz_url_relationship","","90","verified","2026-08-16","2026-08-16"
"los titanes de durango","Los Titanes De Durango","facebook","https://www.facebook.com/lostitanes.dedurango.5","verified_musicbrainz_mapping+live_musicbrainz_url_relationship","","90","verified","2026-08-16","2026-08-16"
"los titanes de durango","Los Titanes De Durango","tiktok","https://www.tiktok.com/@lostitanesdedurango","verified_musicbrainz_mapping+live_musicbrainz_url_relationship","","90","verified","2026-08-16","2026-08-16"
"los traileros del norte","Los Traileros Del Norte","instagram","https://www.instagram.com/lostrailerosdelnorteoficial","verified_youtube_channel+channel_about_external_link","https://www.youtube.com/channel/UCknxnANXosngb35XAuPlYKw/about","95","verified","2026-08-16","2026-08-16"
"los traileros del norte","Los Traileros Del Norte","tiktok","https://www.tiktok.com/@lostrailerosdelnorte","verified_youtube_channel+channel_about_external_link","https://www.youtube.com/channel/UCknxnANXosngb35XAuPlYKw/about","95","verified","2026-08-16","2026-08-16"
"los tucanes de tijuana","Los Tucanes De Tijuana","facebook","https://www.facebook.com/lostucanesdetijuana","verified_youtube_channel+channel_about_external_link","https://www.youtube.com/channel/UCQfVQ8ycXpY9zzEhci6-0wg/about","95","verified","2026-08-16","2026-08-16"
"los tucanes de tijuana","Los Tucanes De Tijuana","instagram","http://instagram.com/lostucanesdetijuana","verified_youtube_channel+channel_about_external_link","https://www.youtube.com/channel/UCQfVQ8ycXpY9zzEhci6-0wg/about","95","verified","2026-08-16","2026-08-16"
"los tucanes de tijuana","Los Tucanes De Tijuana","twitter","http://www.twitter.com/LosTucanesdeTJ","verified_youtube_channel+channel_about_external_link","https://www.youtube.com/channel/UCQfVQ8ycXpY9zzEhci6-0wg/about","95","verified","2026-08-16","2026-08-16"
"los valedores de la sierra","Los Valedores de La Sierra","facebook","https://www.facebook.com/los-valedores-de-la-sierra-106748462696273","verified_youtube_channel+channel_about_external_link","https://www.youtube.com/channel/UCxZG5p_D3p8Oox_0SpCh0qQ/about","95","verified","2026-08-16","2026-08-16"
"los valedores de la sierra","Los Valedores de La Sierra","instagram","https://www.instagram.com/losvaledores","verified_youtube_channel+channel_about_external_link","https://www.youtube.com/channel/UCxZG5p_D3p8Oox_0SpCh0qQ/about","95","verified","2026-08-16","2026-08-16"
"los yaguaru","Los Yaguarú","facebook","https://www.facebook.com/LosYaguaru","verified_youtube_channel+channel_about_external_link","https://www.youtube.com/channel/UC8VjH9En2gg5u8yviUj_FHA/about","95","verified","2026-08-16","2026-08-16"
"los yaguaru","Los Yaguarú","instagram","https://www.instagram.com/LosYaguaru","verified_youtube_channel+channel_about_external_link","https://www.youtube.com/channel/UC8VjH9En2gg5u8yviUj_FHA/about","95","verified","2026-08-16","2026-08-16"
"los yaguaru","Los Yaguarú","twitter","https://www.twitter.com/LosYaguaru1","verified_youtube_channel+channel_about_external_link","https://www.youtube.com/channel/UC8VjH9En2gg5u8yviUj_FHA/about","95","verified","2026-08-16","2026-08-16"
"lucero","Lucero","facebook","https://www.facebook.com/LuceroMexico","verified_youtube_channel+channel_about_external_link","https://www.youtube.com/channel/UC-K3mQctkhpZyQlFpqDdWtA/about","95","verified","2026-08-16","2026-08-16"
"lucero","Lucero","instagram","https://www.instagram.com/luceromexico","verified_musicbrainz_mapping+wikidata_social_identifier+verified_youtube_identity_mapping+verified_youtube_channel+channel_about_external_link","http://www.wikidata.org/entity/Q171463 | https://www.youtube.com/channel/UC-K3mQctkhpZyQlFpqDdWtA/about","95","verified","2026-08-16","2026-08-16"
"lucero","Lucero","tiktok","https://vm.tiktok.com/JYXnXs5","verified_youtube_channel+channel_about_external_link","https://www.youtube.com/channel/UC-K3mQctkhpZyQlFpqDdWtA/about","95","verified","2026-08-16","2026-08-16"
"lucero","Lucero","twitter","https://x.com/LuceroMexico","verified_musicbrainz_mapping+wikidata_social_identifier+verified_youtube_identity_mapping","http://www.wikidata.org/entity/Q171463","95","verified","2026-08-16","2026-08-16"
"lucero","Lucero","twitter","https://twitter.com/LuceroMexico","verified_youtube_channel+channel_about_external_link","https://www.youtube.com/channel/UC-K3mQctkhpZyQlFpqDdWtA/about","95","verified","2026-08-16","2026-08-16"
"luis angel el flaco","Luis Angel El Flaco","facebook","https://www.facebook.com/LuisAngelElFlaco","verified_musicbrainz_mapping+wikidata_social_identifier+verified_spotify_mapping+verified_youtube_identity_mapping","http://www.wikidata.org/entity/Q108513621","95","verified","2026-08-16","2026-08-16"
"luis angel el flaco","Luis Angel El Flaco","facebook","http://www.facebook.com/luisangelelflaco","verified_youtube_channel+channel_about_external_link","https://www.youtube.com/channel/UCdhfjV6C97UkLgOYonsj3Zw/about","95","verified","2026-08-16","2026-08-16"
"luis angel el flaco","Luis Angel El Flaco","instagram","https://www.instagram.com/luisangelelflaco","verified_musicbrainz_mapping+wikidata_social_identifier+verified_spotify_mapping+verified_youtube_identity_mapping","http://www.wikidata.org/entity/Q108513621","95","verified","2026-08-16","2026-08-16"
"luis angel el flaco","Luis Angel El Flaco","instagram","http://www.instagram.com/luisangelelflaco","verified_youtube_channel+channel_about_external_link","https://www.youtube.com/channel/UCdhfjV6C97UkLgOYonsj3Zw/about","95","verified","2026-08-16","2026-08-16"
"luis angel el flaco","Luis Angel El Flaco","tiktok","https://www.tiktok.com/@luisangelelflaco1","verified_youtube_channel+channel_about_external_link","https://www.youtube.com/channel/UCdhfjV6C97UkLgOYonsj3Zw/about","95","verified","2026-08-16","2026-08-16"
"luis angel el flaco","Luis Angel El Flaco","twitter","https://x.com/luisangelelfla","verified_musicbrainz_mapping+wikidata_social_identifier+verified_spotify_mapping+verified_youtube_identity_mapping","http://www.wikidata.org/entity/Q108513621","95","verified","2026-08-16","2026-08-16"
"luis angel el flaco","Luis Angel El Flaco","twitter","http://www.twitter.com/luisangelelfla","verified_youtube_channel+channel_about_external_link","https://www.youtube.com/channel/UCdhfjV6C97UkLgOYonsj3Zw/about","95","verified","2026-08-16","2026-08-16"
"luis coronel","Luis Coronel","facebook","https://www.facebook.com/luiscoronelmusic","verified_youtube_channel+channel_about_external_link","https://www.youtube.com/channel/UCqS7JYJEBeVLyPkYWEd_grQ/about","95","verified","2026-08-16","2026-08-16"
"luis coronel","Luis Coronel","instagram","https://www.instagram.com/luiscoronelmusic","verified_musicbrainz_mapping+wikidata_social_identifier+verified_youtube_channel+channel_about_external_link","http://www.wikidata.org/entity/Q17486480 | https://www.youtube.com/channel/UCqS7JYJEBeVLyPkYWEd_grQ/about","95","verified","2026-08-16","2026-08-16"
"luis coronel","Luis Coronel","tiktok","https://www.tiktok.com/@luiscoronelmusicofficial","verified_youtube_channel+channel_about_external_link","https://www.youtube.com/channel/UCqS7JYJEBeVLyPkYWEd_grQ/about","95","verified","2026-08-16","2026-08-16"
"luis coronel","Luis Coronel","twitter","https://x.com/luiscoronel281","verified_musicbrainz_mapping+wikidata_social_identifier","http://www.wikidata.org/entity/Q17486480","95","verified","2026-08-16","2026-08-16"
"luis coronel","Luis Coronel","twitter","https://twitter.com/luiscoronel","verified_youtube_channel+channel_about_external_link","https://www.youtube.com/channel/UCqS7JYJEBeVLyPkYWEd_grQ/about","95","verified","2026-08-16","2026-08-16"
"luis mexia","Luis Mexia","facebook","https://www.facebook.com/luismexianunez","verified_youtube_channel+channel_about_external_link","https://www.youtube.com/channel/UC8PKVb6Aj7KsvAuns3QQwcg/about","95","verified","2026-08-16","2026-08-16"
"luis mexia","Luis Mexia","instagram","https://www.instagram.com/luismexianunez","verified_youtube_channel+channel_about_external_link","https://www.youtube.com/channel/UC8PKVb6Aj7KsvAuns3QQwcg/about","95","verified","2026-08-16","2026-08-16"
"luis mexia","Luis Mexia","tiktok","https://www.tiktok.com/@luismexianunez","verified_youtube_channel+channel_about_external_link","https://www.youtube.com/channel/UC8PKVb6Aj7KsvAuns3QQwcg/about","95","verified","2026-08-16","2026-08-16"
"luis miguel","Luis Miguel","facebook","https://www.facebook.com/LuisMiguelOfficial","verified_musicbrainz_mapping+wikidata_social_identifier+verified_spotify_mapping","http://www.wikidata.org/entity/Q1069140","95","verified","2026-08-16","2026-08-16"
"luis miguel","Luis Miguel","facebook","http://www.facebook.com/luismiguelofficial","verified_youtube_channel+channel_about_external_link","https://www.youtube.com/channel/UCQHnOnsryRQmmr6pU3lAupg/about","95","verified","2026-08-16","2026-08-16"
"luis miguel","Luis Miguel","instagram","https://www.instagram.com/lmxlm","verified_musicbrainz_mapping+wikidata_social_identifier+verified_spotify_mapping","http://www.wikidata.org/entity/Q1069140","95","verified","2026-08-16","2026-08-16"
"luis miguel","Luis Miguel","instagram","http://instagram.com/luismiguel","verified_youtube_channel+channel_about_external_link","https://www.youtube.com/channel/UCQHnOnsryRQmmr6pU3lAupg/about","95","verified","2026-08-16","2026-08-16"
"luis miguel","Luis Miguel","tiktok","https://www.tiktok.com/@lmxlm","verified_youtube_channel+channel_about_external_link","https://www.youtube.com/channel/UCQHnOnsryRQmmr6pU3lAupg/about","95","verified","2026-08-16","2026-08-16"
"luis miguel","Luis Miguel","twitter","https://x.com/LMXLM","verified_musicbrainz_mapping+wikidata_social_identifier+verified_spotify_mapping","http://www.wikidata.org/entity/Q1069140","95","verified","2026-08-16","2026-08-16"
"luis miguel","Luis Miguel","twitter","http://twitter.com","verified_youtube_channel+channel_about_external_link","https://www.youtube.com/channel/UCQHnOnsryRQmmr6pU3lAupg/about","95","verified","2026-08-16","2026-08-16"
"luis r conriquez","Luis R Conriquez","facebook","https://m.facebook.com/profile.php","verified_youtube_channel+channel_about_external_link+duplicate_catalog_assignment","https://www.youtube.com/channel/UCFwuPQIpFbDlcQmwAc-jW8g/about","60","review","2026-08-16",""
"luis r conriquez","Luis R Conriquez","instagram","https://www.instagram.com/luisrconriquezoficial","verified_musicbrainz_mapping+wikidata_social_identifier+verified_spotify_mapping+verified_youtube_identity_mapping+verified_youtube_channel+channel_about_external_link","http://www.wikidata.org/entity/Q124004728 | https://www.youtube.com/channel/UCFwuPQIpFbDlcQmwAc-jW8g/about","95","verified","2026-08-16","2026-08-16"
"luis r conriquez","Luis R Conriquez","tiktok","https://www.tiktok.com/@luisrconriquezoficial","verified_youtube_channel+channel_about_external_link","https://www.youtube.com/channel/UCFwuPQIpFbDlcQmwAc-jW8g/about","95","verified","2026-08-16","2026-08-16"
"lupillo rivera","Lupillo Rivera","facebook","http://www.facebook.com/LupilloRiveraOficial","verified_youtube_channel+channel_about_external_link","https://www.youtube.com/channel/UCRClyr2rk75NdcEUtICewOA/about","95","verified","2026-08-16","2026-08-16"
"lupillo rivera","Lupillo Rivera","instagram","https://www.instagram.com/LupilloRiveraOfficial","verified_youtube_channel+channel_about_external_link","https://www.youtube.com/channel/UCRClyr2rk75NdcEUtICewOA/about","95","verified","2026-08-16","2026-08-16"
"lupillo rivera","Lupillo Rivera","tiktok","https://www.tiktok.com/@lupilloriveraoficial","verified_youtube_channel+channel_about_external_link","https://www.youtube.com/channel/UCRClyr2rk75NdcEUtICewOA/about","95","verified","2026-08-16","2026-08-16"
"macari martinez","Macariø Martínez","instagram","https://www.instagram.com/macariomartinez_","verified_youtube_channel+channel_about_external_link","https://www.youtube.com/channel/UCChZPAEQG6_FxNY7kvhJ8-A/about","95","verified","2026-08-16","2026-08-16"
"macari martinez","Macariø Martínez","tiktok","https://www.tiktok.com/@macariomartinezmusica","verified_youtube_channel+channel_about_external_link","https://www.youtube.com/channel/UCChZPAEQG6_FxNY7kvhJ8-A/about","95","verified","2026-08-16","2026-08-16"
"maite perroni","Maite Perroni","facebook","https://www.facebook.com/MaitePerroniPaginaOficial","verified_youtube_channel+channel_about_external_link","https://www.youtube.com/channel/UCU720aZHx6_8ABYWvBHbWUQ/about","95","verified","2026-08-16","2026-08-16"
"maite perroni","Maite Perroni","instagram","https://www.instagram.com/maitepb","verified_musicbrainz_mapping+wikidata_social_identifier+verified_spotify_mapping+verified_youtube_identity_mapping","http://www.wikidata.org/entity/Q232015","95","verified","2026-08-16","2026-08-16"
"maite perroni","Maite Perroni","instagram","https://www.instagram.com/maiteperroni","verified_musicbrainz_mapping+wikidata_social_identifier+verified_spotify_mapping+verified_youtube_identity_mapping+verified_youtube_channel+channel_about_external_link","http://www.wikidata.org/entity/Q232015 | https://www.youtube.com/channel/UCU720aZHx6_8ABYWvBHbWUQ/about","95","verified","2026-08-16","2026-08-16"
"maite perroni","Maite Perroni","tiktok","https://www.tiktok.com/@maiperroni","verified_musicbrainz_mapping+wikidata_social_identifier+verified_spotify_mapping+verified_youtube_identity_mapping","http://www.wikidata.org/entity/Q232015","95","verified","2026-08-16","2026-08-16"
"maite perroni","Maite Perroni","twitter","https://x.com/MaiteOficial","verified_musicbrainz_mapping+wikidata_social_identifier+verified_spotify_mapping+verified_youtube_identity_mapping","http://www.wikidata.org/entity/Q232015","95","verified","2026-08-16","2026-08-16"
"maite perroni","Maite Perroni","twitter","https://x.com/maiteperroni","verified_musicbrainz_mapping+wikidata_social_identifier+verified_spotify_mapping+verified_youtube_identity_mapping","http://www.wikidata.org/entity/Q232015","95","verified","2026-08-16","2026-08-16"
"maite perroni","Maite Perroni","twitter","https://twitter.com/maiteperroni","verified_youtube_channel+channel_about_external_link","https://www.youtube.com/channel/UCU720aZHx6_8ABYWvBHbWUQ/about","95","verified","2026-08-16","2026-08-16"
"majo aguilar","Majo Aguilar","facebook","https://www.facebook.com/majosaguilar","verified_youtube_channel+channel_about_external_link","https://www.youtube.com/channel/UCEEicnoVrlbX3X9gLVXmjCA/about","95","verified","2026-08-16","2026-08-16"
"majo aguilar","Majo Aguilar","instagram","https://www.instagram.com/majo__aguilar","verified_youtube_channel+channel_about_external_link","https://www.youtube.com/channel/UCEEicnoVrlbX3X9gLVXmjCA/about","95","verified","2026-08-16","2026-08-16"
"mana","Maná","facebook","https://www.facebook.com/mana","verified_musicbrainz_mapping+wikidata_social_identifier+verified_spotify_mapping","http://www.wikidata.org/entity/Q584066","95","verified","2026-08-16","2026-08-16"
"mana","Maná","instagram","https://www.instagram.com/manaoficial","verified_musicbrainz_mapping+wikidata_social_identifier+verified_spotify_mapping","http://www.wikidata.org/entity/Q584066","95","verified","2026-08-16","2026-08-16"
"mana","Maná","instagram","https://www.instagram.com/managameroficial","verified_youtube_channel+channel_about_external_link","https://www.youtube.com/channel/UCLXhqLnQ46DLCZ4gsf0K7TA/about","95","verified","2026-08-16","2026-08-16"
"mana","Maná","twitter","https://x.com/manaoficial","verified_musicbrainz_mapping+wikidata_social_identifier+verified_spotify_mapping","http://www.wikidata.org/entity/Q584066","95","verified","2026-08-16","2026-08-16"
"mandingo","Mandingo","facebook","https://facebook.com/grupomandingo","verified_youtube_channel+channel_about_external_link","https://www.youtube.com/channel/UCfzgz_F5dhYBEZhOjujlptA/about","95","verified","2026-08-16","2026-08-16"
"mandingo","Mandingo","instagram","https://instagram.com/grupomandingo","verified_youtube_channel+channel_about_external_link","https://www.youtube.com/channel/UCfzgz_F5dhYBEZhOjujlptA/about","95","verified","2026-08-16","2026-08-16"
"mandingo","Mandingo","tiktok","https://www.tiktok.com/@grupomandingo","verified_youtube_channel+channel_about_external_link","https://www.youtube.com/channel/UCfzgz_F5dhYBEZhOjujlptA/about","95","verified","2026-08-16","2026-08-16"
"mandingo","Mandingo","twitter","https://twitter.com/grupomandingo","verified_youtube_channel+channel_about_external_link","https://www.youtube.com/channel/UCfzgz_F5dhYBEZhOjujlptA/about","95","verified","2026-08-16","2026-08-16"
"manuel rodriguez","Manuel Rodriguez","instagram","https://instagram.com/manuel_rdrgez","verified_youtube_channel+channel_about_external_link","https://www.youtube.com/channel/UCmw0L5f7AAGqYyh_9b1qssA/about","95","verified","2026-08-16","2026-08-16"
"manuel rodriguez","Manuel Rodriguez","instagram","https://www.instagram.com/jmmusicinc","verified_youtube_channel+channel_about_external_link","https://www.youtube.com/channel/UCmw0L5f7AAGqYyh_9b1qssA/about","95","verified","2026-08-16","2026-08-16"
"manuel rodriguez","Manuel Rodriguez","tiktok","https://www.tiktok.com/@manuel_rdrgez","verified_youtube_channel+channel_about_external_link","https://www.youtube.com/channel/UCmw0L5f7AAGqYyh_9b1qssA/about","95","verified","2026-08-16","2026-08-16"
"manuel rodriguez","Manuel Rodriguez","tiktok","https://www.tiktok.com/@jmmusicinc","verified_youtube_channel+channel_about_external_link","https://www.youtube.com/channel/UCmw0L5f7AAGqYyh_9b1qssA/about","95","verified","2026-08-16","2026-08-16"
"marco antonio solis","Marco Antonio Solis","facebook","https://www.facebook.com/marcoantoniosolis","verified_youtube_channel+channel_about_external_link","https://www.youtube.com/channel/UCIKg4QVg91aCWxXWlUkKDLw/about","95","verified","2026-08-16","2026-08-16"
"marco antonio solis","Marco Antonio Solis","instagram","https://www.instagram.com/marcoantoniosolis_oficial","verified_musicbrainz_mapping+wikidata_social_identifier+verified_spotify_mapping","http://www.wikidata.org/entity/Q1627834","95","verified","2026-08-16","2026-08-16"
"marco antonio solis","Marco Antonio Solis","instagram","https://instagram.com/marcoantoniosolis_oficial","verified_youtube_channel+channel_about_external_link","https://www.youtube.com/channel/UCIKg4QVg91aCWxXWlUkKDLw/about","95","verified","2026-08-16","2026-08-16"
"marco antonio solis","Marco Antonio Solis","twitter","https://x.com/marcoasolis","verified_musicbrainz_mapping+wikidata_social_identifier+verified_spotify_mapping","http://www.wikidata.org/entity/Q1627834","95","verified","2026-08-16","2026-08-16"
"marco antonio solis","Marco Antonio Solis","twitter","http://twitter.com/MarcoASolis","verified_youtube_channel+channel_about_external_link","https://www.youtube.com/channel/UCIKg4QVg91aCWxXWlUkKDLw/about","95","verified","2026-08-16","2026-08-16"
"marco flores y la jerez","Marco Flores y La Jerez","facebook","https://www.facebook.com/marcofloresylajerez1","verified_youtube_channel+channel_about_external_link","https://www.youtube.com/channel/UCJrSnH8QrJQR_l0obYjAcIg/about","95","verified","2026-08-16","2026-08-16"
"marco flores y la jerez","Marco Flores y La Jerez","instagram","https://www.instagram.com/marcofloresylajerez","verified_youtube_channel+channel_about_external_link","https://www.youtube.com/channel/UCJrSnH8QrJQR_l0obYjAcIg/about","95","verified","2026-08-16","2026-08-16"
"marco flores y la jerez","Marco Flores y La Jerez","tiktok","https://www.tiktok.com/@oficialmarcoflores","verified_youtube_channel+channel_about_external_link","https://www.youtube.com/channel/UCJrSnH8QrJQR_l0obYjAcIg/about","95","verified","2026-08-16","2026-08-16"
"marco flores y la jerez","Marco Flores y La Jerez","twitter","https://www.twitter.com/marcoylajerez","verified_youtube_channel+channel_about_external_link","https://www.youtube.com/channel/UCJrSnH8QrJQR_l0obYjAcIg/about","95","verified","2026-08-16","2026-08-16"
"maria jose","Maria Jose","facebook","https://www.facebook.com/lajosaloyola","verified_musicbrainz_mapping+wikidata_social_identifier+verified_spotify_mapping","http://www.wikidata.org/entity/Q3296452","95","verified","2026-08-16","2026-08-16"
"maria jose","Maria Jose","twitter","https://x.com/lajosa","verified_musicbrainz_mapping+wikidata_social_identifier+verified_spotify_mapping","http://www.wikidata.org/entity/Q3296452","95","verified","2026-08-16","2026-08-16"
"mariachi vargas de tecalitlan","Mariachi Vargas De Tecalitlan","facebook","https://www.facebook.com/mariachi-vargas-de-tecalitlan-351053578544","verified_musicbrainz_mapping+wikidata_social_identifier+verified_spotify_mapping+verified_youtube_identity_mapping","http://www.wikidata.org/entity/Q1184884","95","verified","2026-08-16","2026-08-16"
"mariachi vargas de tecalitlan","Mariachi Vargas De Tecalitlan","facebook","https://www.facebook.com/Mariachivargasoficial","verified_musicbrainz_mapping+wikidata_social_identifier+verified_spotify_mapping+verified_youtube_identity_mapping","http://www.wikidata.org/entity/Q1184884","95","verified","2026-08-16","2026-08-16"
"mariachi vargas de tecalitlan","Mariachi Vargas De Tecalitlan","twitter","https://x.com/MariachiVargas","verified_musicbrainz_mapping+wikidata_social_identifier+verified_spotify_mapping+verified_youtube_identity_mapping","http://www.wikidata.org/entity/Q1184884","95","verified","2026-08-16","2026-08-16"
"mariana seoane","Mariana Seoane","facebook","https://www.facebook.com/laseoaneoficial","verified_youtube_channel+channel_about_external_link","https://www.youtube.com/channel/UCJgwjOjTXYUpOMjuu_7H2RQ/about","95","verified","2026-08-16","2026-08-16"
"mariana seoane","Mariana Seoane","instagram","https://www.instagram.com/laseoaneoficial","verified_musicbrainz_mapping+wikidata_social_identifier+verified_youtube_channel+channel_about_external_link","http://www.wikidata.org/entity/Q593067 | https://www.youtube.com/channel/UCJgwjOjTXYUpOMjuu_7H2RQ/about","95","verified","2026-08-16","2026-08-16"
"mariana seoane","Mariana Seoane","tiktok","https://www.tiktok.com/@mariana_seoane","verified_youtube_channel+channel_about_external_link","https://www.youtube.com/channel/UCJgwjOjTXYUpOMjuu_7H2RQ/about","95","verified","2026-08-16","2026-08-16"
"mariana seoane","Mariana Seoane","twitter","https://x.com/laseoaneoficial","verified_musicbrainz_mapping+wikidata_social_identifier","http://www.wikidata.org/entity/Q593067","95","verified","2026-08-16","2026-08-16"
"mariano barba","Mariano Barba","facebook","https://www.facebook.com/marianobarbaoficial","verified_musicbrainz_mapping+live_musicbrainz_url_relationship","","90","verified","2026-08-16","2026-08-16"
"mariano barba","Mariano Barba","twitter","https://twitter.com/MarianoBarba2","verified_musicbrainz_mapping+live_musicbrainz_url_relationship","","90","verified","2026-08-16","2026-08-16"
"marisela","Marisela","instagram","https://www.instagram.com/mariselaofficial","verified_youtube_channel+channel_about_external_link","https://www.youtube.com/channel/UCjg0JKHfjsu5ngDAhoJ0REQ/about","95","verified","2026-08-16","2026-08-16"
"matisse","Matisse","facebook","https://www.facebook.com/matisseMxOficial","verified_youtube_channel+channel_about_external_link","https://www.youtube.com/channel/UC_AtByaIjbd4F-GWoWqek_A/about","95","verified","2026-08-16","2026-08-16"
"matisse","Matisse","instagram","https://www.instagram.com/matisse_mx","verified_musicbrainz_mapping+wikidata_social_identifier+verified_youtube_channel+channel_about_external_link","http://www.wikidata.org/entity/Q30919091 | https://www.youtube.com/channel/UC_AtByaIjbd4F-GWoWqek_A/about","95","verified","2026-08-16","2026-08-16"
"matisse","Matisse","twitter","https://x.com/matisse_mx","verified_musicbrainz_mapping+wikidata_social_identifier","http://www.wikidata.org/entity/Q30919091","95","verified","2026-08-16","2026-08-16"
"matisse","Matisse","twitter","https://twitter.com/Matisse_Mx","verified_youtube_channel+channel_about_external_link","https://www.youtube.com/channel/UC_AtByaIjbd4F-GWoWqek_A/about","95","verified","2026-08-16","2026-08-16"
"max peraza","Max Peraza","facebook","https://www.facebook.com/LaBandonononaDeMaxPeraza","verified_youtube_channel+channel_about_external_link","https://www.youtube.com/channel/UCoKMkV_6KwZXR4kWgzCJR9A/about","95","verified","2026-08-16","2026-08-16"
"max peraza","Max Peraza","instagram","https://www.instagram.com/labandonononadmax","verified_youtube_channel+channel_about_external_link","https://www.youtube.com/channel/UCoKMkV_6KwZXR4kWgzCJR9A/about","95","verified","2026-08-16","2026-08-16"
"memo garza","Memo Garza","facebook","http://www.facebook.com/MemoGarzaa","verified_youtube_channel+channel_about_external_link","https://www.youtube.com/channel/UCoJrttPKla96-9gDgzSkFoQ/about","95","verified","2026-08-16","2026-08-16"
"memo garza","Memo Garza","instagram","https://www.instagram.com/memogarzaoficial","verified_youtube_channel+channel_about_external_link","https://www.youtube.com/channel/UCoJrttPKla96-9gDgzSkFoQ/about","95","verified","2026-08-16","2026-08-16"
"memo garza","Memo Garza","tiktok","https://www.tiktok.com/@memogarzaa","verified_youtube_channel+channel_about_external_link","https://www.youtube.com/channel/UCoJrttPKla96-9gDgzSkFoQ/about","95","verified","2026-08-16","2026-08-16"
"memo garza","Memo Garza","twitter","http://www.twitter.com/memogarzaa","verified_youtube_channel+channel_about_external_link","https://www.youtube.com/channel/UCoJrttPKla96-9gDgzSkFoQ/about","95","verified","2026-08-16","2026-08-16"
"mi banda el mexicano","Mi Banda El Mexicano","facebook","https://www.facebook.com/mibandaelmexicanoficial","verified_youtube_channel+channel_about_external_link","https://www.youtube.com/channel/UChl17tUZRPgXzLET3F3ykoA/about","95","verified","2026-08-16","2026-08-16"
"mi banda el mexicano","Mi Banda El Mexicano","instagram","https://www.instagram.com/mibandaelmexicano.oficial","verified_youtube_channel+channel_about_external_link","https://www.youtube.com/channel/UChl17tUZRPgXzLET3F3ykoA/about","95","verified","2026-08-16","2026-08-16"
"mi banda el mexicano","Mi Banda El Mexicano","tiktok","https://www.tiktok.com/@mibandaelmexicano_","verified_youtube_channel+channel_about_external_link","https://www.youtube.com/channel/UChl17tUZRPgXzLET3F3ykoA/about","95","verified","2026-08-16","2026-08-16"
"michelle maciel","Michelle Maciel","instagram","https://www.instagram.com/michellegmaciel","verified_youtube_channel+channel_about_external_link","https://www.youtube.com/channel/UCrHRXEqAka1WCRhGSuPKIeg/about","95","verified","2026-08-16","2026-08-16"
"michelle maciel","Michelle Maciel","tiktok","https://www.tiktok.com/@michellegmaciel1","verified_youtube_channel+channel_about_external_link","https://www.youtube.com/channel/UCrHRXEqAka1WCRhGSuPKIeg/about","95","verified","2026-08-16","2026-08-16"
"miguel y miguel","Miguel y Miguel","facebook","https://www.facebook.com/miguelymigueloficial","verified_musicbrainz_mapping+wikidata_social_identifier+verified_spotify_mapping","http://www.wikidata.org/entity/Q106614013","95","verified","2026-08-16","2026-08-16"
"miguel y miguel","Miguel y Miguel","instagram","https://www.instagram.com/miguelymiguel_oficial","verified_musicbrainz_mapping+wikidata_social_identifier+verified_spotify_mapping","http://www.wikidata.org/entity/Q106614013","95","verified","2026-08-16","2026-08-16"
"mijares","Mijares","facebook","https://www.facebook.com/MijaresOficial","verified_youtube_channel+channel_about_external_link","https://www.youtube.com/channel/UCKThSW8eYiFVcAWVD0qxwoA/about","95","verified","2026-08-16","2026-08-16"
"mijares","Mijares","twitter","http://twitter.com/MijaresOficial","verified_youtube_channel+channel_about_external_link","https://www.youtube.com/channel/UCKThSW8eYiFVcAWVD0qxwoA/about","95","verified","2026-08-16","2026-08-16"
"miranda leon","Miranda León","instagram","https://www.instagram.com/mirandita.leon","verified_youtube_channel+channel_about_external_link","https://www.youtube.com/channel/UCmtv--kixrA-7BEoNUyZq5w/about","95","verified","2026-08-16","2026-08-16"
"miranda leon","Miranda León","tiktok","https://www.tiktok.com/@mirandita.leon","verified_youtube_channel+channel_about_external_link","https://www.youtube.com/channel/UCmtv--kixrA-7BEoNUyZq5w/about","95","verified","2026-08-16","2026-08-16"
"moenia","Moenia","facebook","https://www.facebook.com/moeniamx","verified_youtube_channel+channel_about_external_link","https://www.youtube.com/channel/UCEJr7n8Brn1zj0ZuWZPPajw/about","95","verified","2026-08-16","2026-08-16"
"moenia","Moenia","instagram","https://www.instagram.com/moeniamx","verified_musicbrainz_mapping+wikidata_social_identifier+verified_youtube_channel+channel_about_external_link","http://www.wikidata.org/entity/Q3318207 | https://www.youtube.com/channel/UCEJr7n8Brn1zj0ZuWZPPajw/about","95","verified","2026-08-16","2026-08-16"
"moenia","Moenia","twitter","https://x.com/MoeniaMx","verified_musicbrainz_mapping+wikidata_social_identifier","http://www.wikidata.org/entity/Q3318207","95","verified","2026-08-16","2026-08-16"
"moenia","Moenia","twitter","https://twitter.com/moeniamx","verified_youtube_channel+channel_about_external_link","https://www.youtube.com/channel/UCEJr7n8Brn1zj0ZuWZPPajw/about","95","verified","2026-08-16","2026-08-16"
"mon laferte","Mon Laferte","facebook","https://www.facebook.com/monlaferte","verified_youtube_channel+channel_about_external_link","https://www.youtube.com/channel/UCn51E6eKnnLklWOcdFT3w5A/about","95","verified","2026-08-16","2026-08-16"
"mon laferte","Mon Laferte","instagram","https://www.instagram.com/monlaferte","verified_musicbrainz_mapping+wikidata_social_identifier+verified_spotify_mapping+verified_youtube_identity_mapping+verified_youtube_channel+channel_about_external_link","http://www.wikidata.org/entity/Q2836528 | https://www.youtube.com/channel/UCn51E6eKnnLklWOcdFT3w5A/about","95","verified","2026-08-16","2026-08-16"
"mon laferte","Mon Laferte","tiktok","https://www.tiktok.com/@monlaferte","verified_musicbrainz_mapping+wikidata_social_identifier+verified_spotify_mapping+verified_youtube_identity_mapping","http://www.wikidata.org/entity/Q2836528","95","verified","2026-08-16","2026-08-16"
"mon laferte","Mon Laferte","twitter","https://x.com/monlaferte","verified_musicbrainz_mapping+wikidata_social_identifier+verified_spotify_mapping+verified_youtube_identity_mapping","http://www.wikidata.org/entity/Q2836528","95","verified","2026-08-16","2026-08-16"
"mon laferte","Mon Laferte","twitter","https://twitter.com/monlaferte","verified_youtube_channel+channel_about_external_link","https://www.youtube.com/channel/UCn51E6eKnnLklWOcdFT3w5A/about","95","verified","2026-08-16","2026-08-16"
"montez de durango","Montez De Durango","facebook","https://www.facebook.com/MontezDeDurangoOficial","verified_youtube_channel+channel_about_external_link","https://www.youtube.com/channel/UCE4eCDTmG2MMVRVRrUTH0Bw/about","95","verified","2026-08-16","2026-08-16"
"montez de durango","Montez De Durango","instagram","https://instagram.com/montezdedurango","verified_youtube_channel+channel_about_external_link","https://www.youtube.com/channel/UCE4eCDTmG2MMVRVRrUTH0Bw/about","95","verified","2026-08-16","2026-08-16"
"montez de durango","Montez De Durango","tiktok","https://www.tiktok.com/@montezdedurango","verified_youtube_channel+channel_about_external_link","https://www.youtube.com/channel/UCE4eCDTmG2MMVRVRrUTH0Bw/about","95","verified","2026-08-16","2026-08-16"
"montez de durango","Montez De Durango","twitter","https://twitter.com/montezdedurango","verified_youtube_channel+channel_about_external_link","https://www.youtube.com/channel/UCE4eCDTmG2MMVRVRrUTH0Bw/about","95","verified","2026-08-16","2026-08-16"
"natalia lafourcade","Natalia Lafourcade","facebook","https://www.facebook.com/NataliaLafourcadeMx","verified_youtube_channel+channel_about_external_link","https://www.youtube.com/channel/UCKw8oP0rF37jTEq_3R8O5Mg/about","95","verified","2026-08-16","2026-08-16"
"natalia lafourcade","Natalia Lafourcade","instagram","https://www.instagram.com/natalialafourcade","verified_musicbrainz_mapping+wikidata_social_identifier+verified_spotify_mapping+verified_youtube_identity_mapping+verified_youtube_channel+channel_about_external_link","http://www.wikidata.org/entity/Q3298047 | https://www.youtube.com/channel/UCKw8oP0rF37jTEq_3R8O5Mg/about","95","verified","2026-08-16","2026-08-16"
"natalia lafourcade","Natalia Lafourcade","tiktok","https://www.tiktok.com/@natalialafourcadeoficial","verified_youtube_channel+channel_about_external_link","https://www.youtube.com/channel/UCKw8oP0rF37jTEq_3R8O5Mg/about","95","verified","2026-08-16","2026-08-16"
"natalia lafourcade","Natalia Lafourcade","twitter","https://x.com/lafourcade","verified_youtube_channel+channel_about_external_link","https://www.youtube.com/channel/UCKw8oP0rF37jTEq_3R8O5Mg/about","95","verified","2026-08-16","2026-08-16"
"natanael cano","Natanael cano","facebook","https://www.facebook.com/NatanaelCanoMX","verified_musicbrainz_mapping+wikidata_social_identifier+verified_spotify_mapping+verified_youtube_identity_mapping","http://www.wikidata.org/entity/Q104904549","95","verified","2026-08-16","2026-08-16"
"natanael cano","Natanael cano","facebook","https://www.facebook.com/NatanaelCanoFB","verified_youtube_channel+channel_about_external_link","https://www.youtube.com/channel/UCW2_ESwKrYgSjqQjrR09n0g/about","95","verified","2026-08-16","2026-08-16"
"natanael cano","Natanael cano","instagram","https://www.instagram.com/natanael_cano","verified_musicbrainz_mapping+wikidata_social_identifier+verified_spotify_mapping+verified_youtube_identity_mapping+verified_youtube_channel+channel_about_external_link","http://www.wikidata.org/entity/Q104904549 | https://www.youtube.com/channel/UCW2_ESwKrYgSjqQjrR09n0g/about","95","verified","2026-08-16","2026-08-16"
"natanael cano","Natanael cano","tiktok","https://www.tiktok.com/@natanaelcano","verified_musicbrainz_mapping+wikidata_social_identifier+verified_spotify_mapping+verified_youtube_identity_mapping","http://www.wikidata.org/entity/Q104904549","95","verified","2026-08-16","2026-08-16"
"natanael cano","Natanael cano","twitter","https://x.com/natanaelcanoo","verified_musicbrainz_mapping+wikidata_social_identifier+verified_spotify_mapping+verified_youtube_identity_mapping","http://www.wikidata.org/entity/Q104904549","95","verified","2026-08-16","2026-08-16"
"natanael cano","Natanael cano","twitter","https://twitter.com/NatanaelCanoOf2","verified_youtube_channel+channel_about_external_link","https://www.youtube.com/channel/UCW2_ESwKrYgSjqQjrR09n0g/about","95","verified","2026-08-16","2026-08-16"
"neton vega","Neton Vega","facebook","https://www.facebook.com/NetonVegaOficiall","verified_youtube_channel+channel_about_external_link","https://www.youtube.com/channel/UCjZH6k7eSRdcNOOUMTMWyBg/about","95","verified","2026-08-16","2026-08-16"
"neton vega","Neton Vega","instagram","https://www.instagram.com/net0n__","verified_musicbrainz_mapping+wikidata_social_identifier+verified_spotify_mapping+verified_youtube_identity_mapping+verified_youtube_channel+channel_about_external_link","http://www.wikidata.org/entity/Q129208676 | https://www.youtube.com/channel/UCjZH6k7eSRdcNOOUMTMWyBg/about","95","verified","2026-08-16","2026-08-16"
"neton vega","Neton Vega","tiktok","https://www.tiktok.com/@net0n__","verified_youtube_channel+channel_about_external_link","https://www.youtube.com/channel/UCjZH6k7eSRdcNOOUMTMWyBg/about","95","verified","2026-08-16","2026-08-16"
"nivel c","Nivel C","facebook","https://www.facebook.com/GrupoNivelC","verified_musicbrainz_mapping+live_musicbrainz_url_relationship","","90","verified","2026-08-16","2026-08-16"
"nivel c","Nivel C","instagram","https://www.instagram.com/nivelc_official","verified_musicbrainz_mapping+live_musicbrainz_url_relationship","","90","verified","2026-08-16","2026-08-16"
"noel torres","Noel Torres","facebook","https://www.facebook.com/NoelTorresMusica","verified_youtube_channel+channel_about_external_link","https://www.youtube.com/channel/UCXZcqNgRoEeTbUOZ11pUFrA/about","95","verified","2026-08-16","2026-08-16"
"noel torres","Noel Torres","instagram","https://www.instagram.com/noeltorres","verified_youtube_channel+channel_about_external_link","https://www.youtube.com/channel/UCXZcqNgRoEeTbUOZ11pUFrA/about","95","verified","2026-08-16","2026-08-16"
"noel torres","Noel Torres","tiktok","https://www.tiktok.com/@elnoeltorres","verified_youtube_channel+channel_about_external_link","https://www.youtube.com/channel/UCXZcqNgRoEeTbUOZ11pUFrA/about","95","verified","2026-08-16","2026-08-16"
"novillos de la sierra","Novillos de la Sierra","facebook","https://www.facebook.com/novillos.sierra","verified_youtube_channel+channel_about_external_link","https://www.youtube.com/channel/UCYeyCMqw205i8MACEz-C11Q/about","95","verified","2026-08-16","2026-08-16"
"novillos de la sierra","Novillos de la Sierra","instagram","https://www.instagram.com/novillossierra","verified_youtube_channel+channel_about_external_link","https://www.youtube.com/channel/UCYeyCMqw205i8MACEz-C11Q/about","95","verified","2026-08-16","2026-08-16"
"novillos de la sierra","Novillos de la Sierra","tiktok","https://www.tiktok.com/@novillosdelasierra","verified_youtube_channel+channel_about_external_link","https://www.youtube.com/channel/UCYeyCMqw205i8MACEz-C11Q/about","95","verified","2026-08-16","2026-08-16"
"nsqk","Nsqk","instagram","https://www.instagram.com/nsqkk","verified_youtube_channel+channel_about_external_link","https://www.youtube.com/channel/UCcVv6qbIlgQuCbuz9p8DmlA/about","95","verified","2026-08-16","2026-08-16"
"nsqk","Nsqk","tiktok","https://www.tiktok.com/@nsqk.wav","verified_youtube_channel+channel_about_external_link","https://www.youtube.com/channel/UCcVv6qbIlgQuCbuz9p8DmlA/about","95","verified","2026-08-16","2026-08-16"
"nsqk","Nsqk","twitter","https://twitter.com/nsqkk","verified_youtube_channel+channel_about_external_link","https://www.youtube.com/channel/UCcVv6qbIlgQuCbuz9p8DmlA/about","95","verified","2026-08-16","2026-08-16"
"nueva h","Nueva H","instagram","https://www.instagram.com/nuevah_oficial","verified_youtube_channel+channel_about_external_link","https://www.youtube.com/channel/UCCWoWI1gJyaWqiIv8ysbLcw/about","95","verified","2026-08-16","2026-08-16"
"nueva h","Nueva H","tiktok","https://www.tiktok.com/@nuevah_oficialct","verified_youtube_channel+channel_about_external_link","https://www.youtube.com/channel/UCCWoWI1gJyaWqiIv8ysbLcw/about","95","verified","2026-08-16","2026-08-16"
"octavio cuadras","Octavio Cuadras","instagram","https://www.instagram.com/octavio_cuadrasc","verified_youtube_channel+channel_about_external_link","https://www.youtube.com/channel/UCy329A7bLCFk92sEZJTmAwA/about","95","verified","2026-08-16","2026-08-16"
"octavio cuadras","Octavio Cuadras","tiktok","https://www.tiktok.com/@octaviocuadras","verified_youtube_channel+channel_about_external_link","https://www.youtube.com/channel/UCy329A7bLCFk92sEZJTmAwA/about","95","verified","2026-08-16","2026-08-16"
"officialalex425","Officialalex425","instagram","https://www.instagram.com/officialalex425","verified_youtube_channel+channel_about_external_link","https://www.youtube.com/channel/UCikR8Hfxjd44Sk9JR_nNLxA/about","95","verified","2026-08-16","2026-08-16"
"oscar maydon","Oscar Maydon","instagram","https://instagram.com/oscar_maydonn","official_linktree_manual_review","https://linktr.ee/Oscarmaydon","95","verified","2026-08-16",""
"oscar maydon","Oscar Maydon","tiktok","https://tiktok.com/@oscar_maydonnn","official_linktree_manual_review","https://linktr.ee/Oscarmaydon","95","verified","2026-08-16",""
"oscar ortiz","Oscar Ortiz","facebook","https://www.facebook.com/OscarOrtizNet","verified_youtube_channel+channel_about_external_link","https://www.youtube.com/channel/UCFkcSI4qGcGRWEVJ7l3Y_2w/about","95","verified","2026-08-16","2026-08-16"
"oscar ortiz","Oscar Ortiz","instagram","https://www.instagram.com/oscarortizoficial","verified_youtube_channel+channel_about_external_link","https://www.youtube.com/channel/UCFkcSI4qGcGRWEVJ7l3Y_2w/about","95","verified","2026-08-16","2026-08-16"
"oscar ortiz","Oscar Ortiz","tiktok","https://www.tiktok.com/@oscarortiz1.0","verified_youtube_channel+channel_about_external_link","https://www.youtube.com/channel/UCFkcSI4qGcGRWEVJ7l3Y_2w/about","95","verified","2026-08-16","2026-08-16"
"panchito arredondo","Panchito Arredondo","facebook","http://www.facebook.com/PANCHITOARREDONDO","verified_youtube_channel+channel_about_external_link","https://www.youtube.com/channel/UC4ixWvfi5AvnPJWRY10Nfgg/about","95","verified","2026-08-16","2026-08-16"
"panchito arredondo","Panchito Arredondo","instagram","https://www.instagram.com/panchito_arredondo","verified_youtube_channel+channel_about_external_link","https://www.youtube.com/channel/UC4ixWvfi5AvnPJWRY10Nfgg/about","95","verified","2026-08-16","2026-08-16"
"pancho barraza","Pancho Barraza","facebook","https://www.facebook.com/pbarrazaoficial","verified_youtube_channel+channel_about_external_link","https://www.youtube.com/channel/UC182E6DfqeGhPcyo-6N8xig/about","95","verified","2026-08-16","2026-08-16"
"pancho barraza","Pancho Barraza","instagram","https://www.instagram.com/panchobarrazaoficial","verified_youtube_channel+channel_about_external_link","https://www.youtube.com/channel/UC182E6DfqeGhPcyo-6N8xig/about","95","verified","2026-08-16","2026-08-16"
"pancho barraza","Pancho Barraza","tiktok","https://www.tiktok.com/@panchobarrazamusic","verified_youtube_channel+channel_about_external_link","https://www.youtube.com/channel/UC182E6DfqeGhPcyo-6N8xig/about","95","verified","2026-08-16","2026-08-16"
"pancho barraza","Pancho Barraza","twitter","https://twitter.com/panchobarraza20","verified_youtube_channel+channel_about_external_link","https://www.youtube.com/channel/UC182E6DfqeGhPcyo-6N8xig/about","95","verified","2026-08-16","2026-08-16"
"panteon rococo","Panteon Rococo","facebook","https://www.facebook.com/panteonrococo","verified_musicbrainz_mapping+wikidata_social_identifier+verified_spotify_mapping+verified_youtube_identity_mapping","http://www.wikidata.org/entity/Q377900","95","verified","2026-08-16","2026-08-16"
"panteon rococo","Panteon Rococo","facebook","http://facebook.com/panteonrococo","verified_youtube_channel+channel_about_external_link","https://www.youtube.com/channel/UCmKU35Q-dkCoeyEpbDubJ8g/about","95","verified","2026-08-16","2026-08-16"
"panteon rococo","Panteon Rococo","instagram","https://www.instagram.com/rococopix","verified_musicbrainz_mapping+wikidata_social_identifier+verified_spotify_mapping+verified_youtube_identity_mapping+verified_youtube_channel+channel_about_external_link","http://www.wikidata.org/entity/Q377900 | https://www.youtube.com/channel/UCmKU35Q-dkCoeyEpbDubJ8g/about","95","verified","2026-08-16","2026-08-16"
"panteon rococo","Panteon Rococo","tiktok","https://www.tiktok.com/@panteonrococotiktok","verified_youtube_channel+channel_about_external_link","https://www.youtube.com/channel/UCmKU35Q-dkCoeyEpbDubJ8g/about","95","verified","2026-08-16","2026-08-16"
"panteon rococo","Panteon Rococo","twitter","https://x.com/RococoTweets","verified_musicbrainz_mapping+wikidata_social_identifier+verified_spotify_mapping+verified_youtube_identity_mapping","http://www.wikidata.org/entity/Q377900","95","verified","2026-08-16","2026-08-16"
"panteon rococo","Panteon Rococo","twitter","http://twitter.com/rococotweets","verified_youtube_channel+channel_about_external_link","https://www.youtube.com/channel/UCmKU35Q-dkCoeyEpbDubJ8g/about","95","verified","2026-08-16","2026-08-16"
"panter belico","Panter Bélico","instagram","https://www.instagram.com/panterbelico","verified_youtube_channel+channel_about_external_link","https://www.youtube.com/channel/UC87l_mXHj5XxoTT0ELR8B2Q/about","95","verified","2026-08-16","2026-08-16"
"paquita la del barrio","Paquita La Del Barrio","twitter","https://x.com/paquitaboficial","verified_musicbrainz_mapping+wikidata_social_identifier+verified_spotify_mapping","http://www.wikidata.org/entity/Q3043199","95","verified","2026-08-16","2026-08-16"
"patrulla 81","Patrulla 81","facebook","https://www.facebook.com/patrulla81oficial","verified_youtube_channel+channel_about_external_link","https://www.youtube.com/channel/UCk-9jV8MBYg_o6fSJk71EmA/about","95","verified","2026-08-16","2026-08-16"
"patrulla 81","Patrulla 81","instagram","https://www.instagram.com/patrulla81oficial","verified_youtube_channel+channel_about_external_link","https://www.youtube.com/channel/UCk-9jV8MBYg_o6fSJk71EmA/about","95","verified","2026-08-16","2026-08-16"
"patrulla 81","Patrulla 81","tiktok","https://www.tiktok.com/@patrulla81oficial","verified_youtube_channel+channel_about_external_link","https://www.youtube.com/channel/UCk-9jV8MBYg_o6fSJk71EmA/about","95","verified","2026-08-16","2026-08-16"
"paty cantu","Paty Cantu","facebook","https://www.facebook.com/soypatycantu","verified_musicbrainz_mapping+wikidata_social_identifier+verified_spotify_mapping","http://www.wikidata.org/entity/Q3136608","95","verified","2026-08-16","2026-08-16"
"paty cantu","Paty Cantu","facebook","http://www.facebook.com/soypatycantu","verified_youtube_channel+channel_about_external_link","https://www.youtube.com/channel/UCBCwn-LrgsGK7BG0q79kV5g/about","95","verified","2026-08-16","2026-08-16"
"paty cantu","Paty Cantu","instagram","https://www.instagram.com/patycantu","verified_musicbrainz_mapping+wikidata_social_identifier+verified_spotify_mapping+verified_youtube_channel+channel_about_external_link","http://www.wikidata.org/entity/Q3136608 | https://www.youtube.com/channel/UCBCwn-LrgsGK7BG0q79kV5g/about","95","verified","2026-08-16","2026-08-16"
"paty cantu","Paty Cantu","instagram","https://www.instagram.com/patycantuoficial","verified_musicbrainz_mapping+wikidata_social_identifier+verified_spotify_mapping","http://www.wikidata.org/entity/Q3136608","95","verified","2026-08-16","2026-08-16"
"paty cantu","Paty Cantu","twitter","https://x.com/PatyCantu","verified_musicbrainz_mapping+wikidata_social_identifier+verified_spotify_mapping","http://www.wikidata.org/entity/Q3136608","95","verified","2026-08-16","2026-08-16"
"paty cantu","Paty Cantu","twitter","http://www.twitter.com/patycantu","verified_youtube_channel+channel_about_external_link","https://www.youtube.com/channel/UCBCwn-LrgsGK7BG0q79kV5g/about","95","verified","2026-08-16","2026-08-16"
"paulina rubio","Paulina Rubio","facebook","https://www.facebook.com/paulinarubio","verified_musicbrainz_mapping+wikidata_social_identifier+verified_spotify_mapping+verified_youtube_identity_mapping","http://www.wikidata.org/entity/Q202536","95","verified","2026-08-16","2026-08-16"
"paulina rubio","Paulina Rubio","facebook","https://es-es.facebook.com/paulinarubio","verified_youtube_channel+channel_about_external_link","https://www.youtube.com/channel/UCuxn1zFiLGD-T43TSk9YqSg/about","95","verified","2026-08-16","2026-08-16"
"paulina rubio","Paulina Rubio","instagram","https://www.instagram.com/paulinarubio","verified_musicbrainz_mapping+wikidata_social_identifier+verified_spotify_mapping+verified_youtube_identity_mapping+verified_youtube_channel+channel_about_external_link","http://www.wikidata.org/entity/Q202536 | https://www.youtube.com/channel/UCuxn1zFiLGD-T43TSk9YqSg/about","95","verified","2026-08-16","2026-08-16"
"paulina rubio","Paulina Rubio","tiktok","https://www.tiktok.com/@paulinarubioficial","verified_musicbrainz_mapping+wikidata_social_identifier+verified_spotify_mapping+verified_youtube_identity_mapping","http://www.wikidata.org/entity/Q202536","95","verified","2026-08-16","2026-08-16"
"paulina rubio","Paulina Rubio","twitter","https://x.com/PaulinaRubio","verified_musicbrainz_mapping+wikidata_social_identifier+verified_spotify_mapping+verified_youtube_identity_mapping","http://www.wikidata.org/entity/Q202536","95","verified","2026-08-16","2026-08-16"
"paulina rubio","Paulina Rubio","twitter","https://twitter.com/paulinarubio","verified_youtube_channel+channel_about_external_link","https://www.youtube.com/channel/UCuxn1zFiLGD-T43TSk9YqSg/about","95","verified","2026-08-16","2026-08-16"
"pedro fernandez","Pedro Fernández","facebook","https://www.facebook.com/PedroFernandezAventurero","verified_youtube_channel+channel_about_external_link","https://www.youtube.com/channel/UCPDAy-ra3dQ8fP0OcgHlHKA/about","95","verified","2026-08-16","2026-08-16"
"pedro fernandez","Pedro Fernández","instagram","https://instagram.com/pedro.fer","verified_youtube_channel+channel_about_external_link","https://www.youtube.com/channel/UCPDAy-ra3dQ8fP0OcgHlHKA/about","95","verified","2026-08-16","2026-08-16"
"pedro fernandez","Pedro Fernández","twitter","https://x.com/pedro_fer","verified_musicbrainz_mapping+wikidata_social_identifier","http://www.wikidata.org/entity/Q2091672","95","verified","2026-08-16","2026-08-16"
"pedro fernandez","Pedro Fernández","twitter","https://twitter.com/pedro_fer","verified_youtube_channel+channel_about_external_link","https://www.youtube.com/channel/UCPDAy-ra3dQ8fP0OcgHlHKA/about","95","verified","2026-08-16","2026-08-16"
"pepe aguilar","Pepe Aguilar","facebook","https://www.facebook.com/pepeaguilaroficial","verified_youtube_channel+channel_about_external_link","https://www.youtube.com/channel/UC-N64vzpIAqoTgKMeOxCDhA/about","95","verified","2026-08-16","2026-08-16"
"pepe aguilar","Pepe Aguilar","instagram","https://www.instagram.com/pepeaguilar_oficial","verified_youtube_channel+channel_about_external_link","https://www.youtube.com/channel/UC-N64vzpIAqoTgKMeOxCDhA/about","95","verified","2026-08-16","2026-08-16"
"pepe aguilar","Pepe Aguilar","twitter","https://x.com/pepeaguilar","verified_musicbrainz_mapping+wikidata_social_identifier","http://www.wikidata.org/entity/Q7166214","95","verified","2026-08-16","2026-08-16"
"pepe aguilar","Pepe Aguilar","twitter","https://twitter.com/pepeaguilar","verified_youtube_channel+channel_about_external_link","https://www.youtube.com/channel/UC-N64vzpIAqoTgKMeOxCDhA/about","95","verified","2026-08-16","2026-08-16"
"perdidos de sinaloa","Perdidos De Sinaloa","facebook","https://www.facebook.com/PerdidosdeSinaloaOficial","verified_youtube_channel+channel_about_external_link","https://www.youtube.com/channel/UConx-BmZrTBF36ZiO5WonYg/about","95","verified","2026-08-16","2026-08-16"
"perdidos de sinaloa","Perdidos De Sinaloa","instagram","https://www.instagram.com/perdidosdesinaloaoficial","verified_youtube_channel+channel_about_external_link","https://www.youtube.com/channel/UConx-BmZrTBF36ZiO5WonYg/about","95","verified","2026-08-16","2026-08-16"
"pesado","Pesado","facebook","https://www.facebook.com/GrupoPesado","verified_youtube_channel+channel_about_external_link","https://www.youtube.com/channel/UC_719D0uWtzgd4eUivqvcdw/about","95","verified","2026-08-16","2026-08-16"
"pesado","Pesado","instagram","https://www.instagram.com/grupopesado","verified_musicbrainz_mapping+wikidata_social_identifier+verified_spotify_mapping+verified_youtube_identity_mapping+verified_youtube_channel+channel_about_external_link","http://www.wikidata.org/entity/Q5886378 | https://www.youtube.com/channel/UC_719D0uWtzgd4eUivqvcdw/about","95","verified","2026-08-16","2026-08-16"
"pesado","Pesado","twitter","https://twitter.com/grupo_pesado","verified_youtube_channel+channel_about_external_link","https://www.youtube.com/channel/UC_719D0uWtzgd4eUivqvcdw/about","95","verified","2026-08-16","2026-08-16"
"peso pluma","Peso Pluma","facebook","https://www.facebook.com/PesoPlumaDobleP","verified_youtube_channel+channel_about_external_link","https://www.youtube.com/channel/UCzrM_068Odho89mTRrrxqbA/about","95","verified","2026-08-16","2026-08-16"
"peso pluma","Peso Pluma","instagram","https://www.instagram.com/pesopluma","verified_musicbrainz_mapping+wikidata_social_identifier+verified_spotify_mapping+verified_youtube_identity_mapping+verified_youtube_channel+channel_about_external_link","http://www.wikidata.org/entity/Q117242724 | https://www.youtube.com/channel/UCzrM_068Odho89mTRrrxqbA/about","95","verified","2026-08-16","2026-08-16"
"peso pluma","Peso Pluma","tiktok","https://www.tiktok.com/@therealpesopluma","verified_youtube_channel+channel_about_external_link","https://www.youtube.com/channel/UCzrM_068Odho89mTRrrxqbA/about","95","verified","2026-08-16","2026-08-16"
"peso pluma","Peso Pluma","twitter","https://x.com/_PesoPluma","verified_musicbrainz_mapping+wikidata_social_identifier+verified_spotify_mapping+verified_youtube_identity_mapping","http://www.wikidata.org/entity/Q117242724","95","verified","2026-08-16","2026-08-16"
"peso pluma","Peso Pluma","twitter","https://twitter.com/_PesoPluma","verified_youtube_channel+channel_about_external_link","https://www.youtube.com/channel/UCzrM_068Odho89mTRrrxqbA/about","95","verified","2026-08-16","2026-08-16"
"picus","Picus","facebook","https://www.facebook.com/Somos.Picus","verified_youtube_channel+channel_about_external_link","https://www.youtube.com/channel/UC7mrE4fQ-WNnuJkQ4zEL_XA/about","95","verified","2026-08-16","2026-08-16"
"picus","Picus","instagram","https://www.instagram.com/picus.oficial","verified_youtube_channel+channel_about_external_link","https://www.youtube.com/channel/UC7mrE4fQ-WNnuJkQ4zEL_XA/about","95","verified","2026-08-16","2026-08-16"
"picus","Picus","twitter","https://twitter.com/PicusOficial","verified_youtube_channel+channel_about_external_link","https://www.youtube.com/channel/UC7mrE4fQ-WNnuJkQ4zEL_XA/about","95","verified","2026-08-16","2026-08-16"
"pilar montenegro","Pilar Montenegro","facebook","https://m.facebook.com/Pilar-Montenegro-122114035847282","verified_youtube_channel+channel_about_external_link","https://www.youtube.com/channel/UCqVzVFs3NgadYWBc08By_yw/about","95","verified","2026-08-16","2026-08-16"
"pilar montenegro","Pilar Montenegro","instagram","https://instagram.com/pilarmontenegromx","verified_youtube_channel+channel_about_external_link","https://www.youtube.com/channel/UCqVzVFs3NgadYWBc08By_yw/about","95","verified","2026-08-16","2026-08-16"
"pilar montenegro","Pilar Montenegro","twitter","https://www.twitter.com/pilarmontemx","verified_youtube_channel+channel_about_external_link","https://www.youtube.com/channel/UCqVzVFs3NgadYWBc08By_yw/about","95","verified","2026-08-16","2026-08-16"
"polo gonzalez","Polo Gonzalez","instagram","https://www.instagram.com/polo_gonzalez61","verified_youtube_channel+channel_about_external_link","https://www.youtube.com/channel/UCJXp2n5Lor5UpaNtgDk4eeQ/about","95","verified","2026-08-16","2026-08-16"
"polo gonzalez","Polo Gonzalez","tiktok","https://www.tiktok.com/@pologonzalez61","verified_youtube_channel+channel_about_external_link","https://www.youtube.com/channel/UCJXp2n5Lor5UpaNtgDk4eeQ/about","95","verified","2026-08-16","2026-08-16"
"ramon ayala","Ramón Ayala","facebook","https://www.facebook.com/iamramonayala","verified_musicbrainz_mapping+wikidata_social_identifier+duplicate_catalog_assignment","http://www.wikidata.org/entity/Q787191","60","review","2026-08-16",""
"ramon ayala","Ramón Ayala","instagram","https://www.instagram.com/iamramonayala","verified_musicbrainz_mapping+wikidata_social_identifier+duplicate_catalog_assignment","http://www.wikidata.org/entity/Q787191","60","review","2026-08-16",""
"ramon ayala","Ramón Ayala","twitter","https://x.com/iamramonayala","verified_musicbrainz_mapping+wikidata_social_identifier+duplicate_catalog_assignment","http://www.wikidata.org/entity/Q787191","60","review","2026-08-16",""
"ramon ayala y sus bravos del norte","Ramón Ayala y Sus Bravos del Norte","facebook","https://www.facebook.com/iamramonayala","verified_musicbrainz_mapping+wikidata_social_identifier+duplicate_catalog_assignment","http://www.wikidata.org/entity/Q787191","60","review","2026-08-16",""
"ramon ayala y sus bravos del norte","Ramón Ayala y Sus Bravos del Norte","instagram","https://www.instagram.com/iamramonayala","verified_musicbrainz_mapping+wikidata_social_identifier+duplicate_catalog_assignment","http://www.wikidata.org/entity/Q787191","60","review","2026-08-16",""
"ramon ayala y sus bravos del norte","Ramón Ayala y Sus Bravos del Norte","twitter","https://x.com/iamramonayala","verified_musicbrainz_mapping+wikidata_social_identifier+duplicate_catalog_assignment","http://www.wikidata.org/entity/Q787191","60","review","2026-08-16",""
"raul beltran","Raúl Beltran","facebook","https://www.facebook.com/raulbeltrancantautor","verified_youtube_channel+channel_about_external_link","https://www.youtube.com/channel/UCXPMAShgFsBws1OJax0wcTA/about","95","verified","2026-08-16","2026-08-16"
"raul beltran","Raúl Beltran","instagram","https://www.instagram.com/raulbeltranoficial","verified_youtube_channel+channel_about_external_link","https://www.youtube.com/channel/UCXPMAShgFsBws1OJax0wcTA/about","95","verified","2026-08-16","2026-08-16"
"raul beltran","Raúl Beltran","tiktok","https://www.tiktok.com/@raulbeltranoficial","verified_youtube_channel+channel_about_external_link","https://www.youtube.com/channel/UCXPMAShgFsBws1OJax0wcTA/about","95","verified","2026-08-16","2026-08-16"
"raymix","Raymix","facebook","https://www.facebook.com/raymixmusic","verified_youtube_channel+channel_about_external_link","https://www.youtube.com/channel/UCloweRF4YoKEC0zfHP1Bp7Q/about","95","verified","2026-08-16","2026-08-16"
"raymix","Raymix","instagram","https://www.instagram.com/raymixmusic","verified_youtube_channel+channel_about_external_link","https://www.youtube.com/channel/UCloweRF4YoKEC0zfHP1Bp7Q/about","95","verified","2026-08-16","2026-08-16"
"raymix","Raymix","tiktok","https://www.tiktok.com/@raymixmusic","verified_youtube_channel+channel_about_external_link","https://www.youtube.com/channel/UCloweRF4YoKEC0zfHP1Bp7Q/about","95","verified","2026-08-16","2026-08-16"
"raymix","Raymix","twitter","https://x.com/raymixmusic","verified_musicbrainz_mapping+wikidata_social_identifier+verified_spotify_mapping+verified_youtube_identity_mapping","http://www.wikidata.org/entity/Q96419234","95","verified","2026-08-16","2026-08-16"
"rbd","RBD","facebook","https://www.facebook.com/RBDMusicaOficial","verified_youtube_channel+channel_about_external_link","https://www.youtube.com/channel/UCQYEY1XJPGEBswnenN7gt9A/about","95","verified","2026-08-16","2026-08-16"
"rbd","RBD","instagram","https://www.instagram.com/rbd_musica","verified_musicbrainz_mapping+wikidata_social_identifier+verified_spotify_mapping+verified_youtube_channel+channel_about_external_link","http://www.wikidata.org/entity/Q211528 | https://www.youtube.com/channel/UCQYEY1XJPGEBswnenN7gt9A/about","95","verified","2026-08-16","2026-08-16"
"rbd","RBD","tiktok","https://www.tiktok.com/@rbd_oficialmusica","verified_youtube_channel+channel_about_external_link","https://www.youtube.com/channel/UCQYEY1XJPGEBswnenN7gt9A/about","95","verified","2026-08-16","2026-08-16"
"rbd","RBD","twitter","https://x.com/RBD_oficial","verified_musicbrainz_mapping+wikidata_social_identifier+verified_spotify_mapping","http://www.wikidata.org/entity/Q211528","95","verified","2026-08-16","2026-08-16"
"rbd","RBD","twitter","https://twitter.com/RBD_oficial","verified_youtube_channel+channel_about_external_link","https://www.youtube.com/channel/UCQYEY1XJPGEBswnenN7gt9A/about","95","verified","2026-08-16","2026-08-16"
"regulo caro","Regulo Caro","facebook","https://www.facebook.com/ReguloCaroNet","verified_youtube_channel+channel_about_external_link","https://www.youtube.com/channel/UCb1J-ipahu-0fYGDg8HnPfw/about","95","verified","2026-08-16","2026-08-16"
"regulo caro","Regulo Caro","instagram","https://www.instagram.com/regulocaro","verified_musicbrainz_mapping+wikidata_social_identifier+verified_spotify_mapping","http://www.wikidata.org/entity/Q25374952","95","verified","2026-08-16","2026-08-16"
"regulo caro","Regulo Caro","instagram","http://instagram.com/regulocaro","verified_youtube_channel+channel_about_external_link","https://www.youtube.com/channel/UCb1J-ipahu-0fYGDg8HnPfw/about","95","verified","2026-08-16","2026-08-16"
"regulo caro","Regulo Caro","tiktok","https://www.tiktok.com/@regulocarop","verified_youtube_channel+channel_about_external_link","https://www.youtube.com/channel/UCb1J-ipahu-0fYGDg8HnPfw/about","95","verified","2026-08-16","2026-08-16"
"regulo caro","Regulo Caro","twitter","https://x.com/ReguloCaro","verified_musicbrainz_mapping+wikidata_social_identifier+verified_spotify_mapping","http://www.wikidata.org/entity/Q25374952","95","verified","2026-08-16","2026-08-16"
"regulo caro","Regulo Caro","twitter","https://twitter.com/regulocaro","verified_youtube_channel+channel_about_external_link","https://www.youtube.com/channel/UCb1J-ipahu-0fYGDg8HnPfw/about","95","verified","2026-08-16","2026-08-16"
"reik","Reik","facebook","https://www.facebook.com/Reik","verified_musicbrainz_mapping+wikidata_social_identifier+verified_spotify_mapping+verified_youtube_identity_mapping","http://www.wikidata.org/entity/Q2357594","95","verified","2026-08-16","2026-08-16"
"reik","Reik","facebook","http://www.facebook.com/reik","verified_youtube_channel+channel_about_external_link","https://www.youtube.com/channel/UC2rbcd_YR3j_klIv4AXXaZw/about","95","verified","2026-08-16","2026-08-16"
"reik","Reik","instagram","https://www.instagram.com/reikmx","verified_musicbrainz_mapping+wikidata_social_identifier+verified_spotify_mapping+verified_youtube_identity_mapping+verified_youtube_channel+channel_about_external_link","http://www.wikidata.org/entity/Q2357594 | https://www.youtube.com/channel/UC2rbcd_YR3j_klIv4AXXaZw/about","95","verified","2026-08-16","2026-08-16"
"reik","Reik","twitter","https://x.com/ReikMx","verified_musicbrainz_mapping+wikidata_social_identifier+verified_spotify_mapping+verified_youtube_identity_mapping","http://www.wikidata.org/entity/Q2357594","95","verified","2026-08-16","2026-08-16"
"remmy valenzuela","Remmy Valenzuela","facebook","https://www.facebook.com/RemmyValenzuela","verified_musicbrainz_mapping+wikidata_social_identifier","http://www.wikidata.org/entity/Q28401361","95","verified","2026-08-16","2026-08-16"
"remmy valenzuela","Remmy Valenzuela","instagram","https://www.instagram.com/remmyvalenzuela","verified_musicbrainz_mapping+wikidata_social_identifier","http://www.wikidata.org/entity/Q28401361","95","verified","2026-08-16","2026-08-16"
"remmy valenzuela","Remmy Valenzuela","twitter","https://x.com/RemmyValenzuela","verified_musicbrainz_mapping+wikidata_social_identifier","http://www.wikidata.org/entity/Q28401361","95","verified","2026-08-16","2026-08-16"
"remmy valenzuela","Remmy Valenzuela","twitter","https://x.com/remy_valenzuela","verified_musicbrainz_mapping+wikidata_social_identifier","http://www.wikidata.org/entity/Q28401361","95","verified","2026-08-16","2026-08-16"
"revolver cannabis","Revolver Cannabis","instagram","https://www.instagram.com/revolvercannabisoficial","verified_youtube_channel+channel_about_external_link","https://www.youtube.com/channel/UC9YRM5q51YFKyfHmGYwAP-Q/about","95","verified","2026-08-16","2026-08-16"
"revolver cannabis","Revolver Cannabis","tiktok","http://www.tiktok.com/@revolvercannabisoficial","verified_youtube_channel+channel_about_external_link","https://www.youtube.com/channel/UC9YRM5q51YFKyfHmGYwAP-Q/about","95","verified","2026-08-16","2026-08-16"
"reyli barba","Reyli Barba","facebook","https://www.facebook.com/ReyliBarba","verified_musicbrainz_mapping+wikidata_social_identifier+verified_youtube_identity_mapping","http://www.wikidata.org/entity/Q7319509","95","verified","2026-08-16","2026-08-16"
"reyli barba","Reyli Barba","facebook","https://www.facebook.com/reylibarbaoficial","verified_musicbrainz_mapping+wikidata_social_identifier+verified_youtube_identity_mapping","http://www.wikidata.org/entity/Q7319509","95","verified","2026-08-16","2026-08-16"
"reyli barba","Reyli Barba","facebook","https://es-la.facebook.com/ReyliBarbaOficial","verified_youtube_channel+channel_about_external_link","https://www.youtube.com/channel/UCVk903Ollml-lwINrNo6K6w/about","95","verified","2026-08-16","2026-08-16"
"reyli barba","Reyli Barba","instagram","https://www.instagram.com/reylibarbaoficial","verified_youtube_channel+channel_about_external_link","https://www.youtube.com/channel/UCVk903Ollml-lwINrNo6K6w/about","95","verified","2026-08-16","2026-08-16"
"reyli barba","Reyli Barba","tiktok","https://www.tiktok.com/@reylibarbaoficial","verified_youtube_channel+channel_about_external_link","https://www.youtube.com/channel/UCVk903Ollml-lwINrNo6K6w/about","95","verified","2026-08-16","2026-08-16"
"reyli barba","Reyli Barba","twitter","https://x.com/Reyli_Barba","verified_musicbrainz_mapping+wikidata_social_identifier+verified_youtube_identity_mapping","http://www.wikidata.org/entity/Q7319509","95","verified","2026-08-16","2026-08-16"
"rio roma","Río Roma","facebook","https://www.facebook.com/rioromamx","verified_youtube_channel+channel_about_external_link","https://www.youtube.com/channel/UCpRHv7Tg-o4slDsB5jvTiWw/about","95","verified","2026-08-16","2026-08-16"
"rio roma","Río Roma","instagram","https://www.instagram.com/rioromamx","verified_musicbrainz_mapping+wikidata_social_identifier+verified_spotify_mapping+verified_youtube_channel+channel_about_external_link","http://www.wikidata.org/entity/Q15602840 | https://www.youtube.com/channel/UCpRHv7Tg-o4slDsB5jvTiWw/about","95","verified","2026-08-16","2026-08-16"
"rio roma","Río Roma","twitter","https://x.com/rioromamx","verified_musicbrainz_mapping+wikidata_social_identifier+verified_spotify_mapping","http://www.wikidata.org/entity/Q15602840","95","verified","2026-08-16","2026-08-16"
"rio roma","Río Roma","twitter","https://twitter.com/RioRomamx","verified_youtube_channel+channel_about_external_link","https://www.youtube.com/channel/UCpRHv7Tg-o4slDsB5jvTiWw/about","95","verified","2026-08-16","2026-08-16"
"roberto junior y su bandeno","Roberto Junior Y Su Bandeño","facebook","https://www.facebook.com/RobertoJuniorOficial","verified_musicbrainz_mapping+live_musicbrainz_url_relationship","","90","verified","2026-08-16","2026-08-16"
"roberto tapia","Roberto Tapia","facebook","https://www.facebook.com/RobertoTapiaMusic","verified_youtube_channel+channel_about_external_link","https://www.youtube.com/channel/UCl5Oj60eOCR_UdtAhpNyVbw/about","95","verified","2026-08-16","2026-08-16"
"roberto tapia","Roberto Tapia","instagram","https://www.instagram.com/robertotapia","verified_youtube_channel+channel_about_external_link","https://www.youtube.com/channel/UCl5Oj60eOCR_UdtAhpNyVbw/about","95","verified","2026-08-16","2026-08-16"
"roberto tapia","Roberto Tapia","twitter","https://twitter.com/roberto__tapia","verified_youtube_channel+channel_about_external_link","https://www.youtube.com/channel/UCl5Oj60eOCR_UdtAhpNyVbw/about","95","verified","2026-08-16","2026-08-16"
"r z","RØZ","instagram","https://www.instagram.com/roz.wavvv","verified_youtube_channel+channel_about_external_link","https://www.youtube.com/channel/UCjTrx14oDcIEsF_R9VvkUSw/about","95","verified","2026-08-16","2026-08-16"
"r z","RØZ","twitter","https://twitter.com/weareroz","verified_youtube_channel+channel_about_external_link","https://www.youtube.com/channel/UCjTrx14oDcIEsF_R9VvkUSw/about","95","verified","2026-08-16","2026-08-16"
"santa fe klan","Santa Fe Klan","facebook","https://www.facebook.com/santafeklanoficial","verified_musicbrainz_mapping+wikidata_social_identifier+verified_spotify_mapping","http://www.wikidata.org/entity/Q107701083","95","verified","2026-08-16","2026-08-16"
"santa fe klan","Santa Fe Klan","instagram","https://www.instagram.com/santa_fe_klan_473","verified_musicbrainz_mapping+wikidata_social_identifier+verified_spotify_mapping","http://www.wikidata.org/entity/Q107701083","95","verified","2026-08-16","2026-08-16"
"santa fe klan","Santa Fe Klan","twitter","https://x.com/santa_fe_klan_","verified_musicbrainz_mapping+wikidata_social_identifier+verified_spotify_mapping","http://www.wikidata.org/entity/Q107701083","95","verified","2026-08-16","2026-08-16"
"santa fe klan","Santa Fe Klan","twitter","https://twitter.com/santa_fe_klan_","verified_youtube_channel+channel_about_external_link","https://www.youtube.com/channel/UC4Ge3cqrdyOszmnJTcMICcg/about","95","verified","2026-08-16","2026-08-16"
"sebas","Sebas","facebook","https://www.facebook.com/sebastiaananco","verified_musicbrainz_mapping+live_musicbrainz_url_relationship","","90","verified","2026-08-16","2026-08-16"
"sebas","Sebas","instagram","https://www.instagram.com/sebastiaananco","verified_musicbrainz_mapping+live_musicbrainz_url_relationship","","90","verified","2026-08-16","2026-08-16"
"sebastian esquivel","Sebastian Esquivel","instagram","https://www.instagram.com/sebastianesquivel","verified_spotify_mapping+wikidata_social_identifier","http://www.wikidata.org/entity/Q123401730","95","verified","2026-08-16","2026-08-16"
"sebastian esquivel","Sebastian Esquivel","tiktok","https://www.tiktok.com/@sebastian.esquivel31","verified_spotify_mapping+wikidata_social_identifier+duplicate_catalog_assignment","http://www.wikidata.org/entity/Q123401730","60","review","2026-08-16",""
"selena","Selena","facebook","https://www.facebook.com/selenalaleyenda","verified_youtube_channel+channel_about_external_link","https://www.youtube.com/channel/UCZ-LXqc3x6vL5f8XQvEBVaA/about","95","verified","2026-08-16","2026-08-16"
"selena","Selena","instagram","https://www.instagram.com/selenaqofficial","verified_musicbrainz_mapping+wikidata_social_identifier+verified_spotify_mapping+verified_youtube_identity_mapping+verified_youtube_channel+channel_about_external_link","http://www.wikidata.org/entity/Q23543 | https://www.youtube.com/channel/UCZ-LXqc3x6vL5f8XQvEBVaA/about","95","verified","2026-08-16","2026-08-16"
"selena","Selena","tiktok","https://www.tiktok.com/@selenalaleyenda","verified_youtube_channel+channel_about_external_link","https://www.youtube.com/channel/UCZ-LXqc3x6vL5f8XQvEBVaA/about","95","verified","2026-08-16","2026-08-16"
"selena","Selena","twitter","https://x.com/SelenaLaLeyenda","verified_musicbrainz_mapping+wikidata_social_identifier+verified_spotify_mapping+verified_youtube_identity_mapping","http://www.wikidata.org/entity/Q23543","95","verified","2026-08-16","2026-08-16"
"selena","Selena","twitter","https://www.twitter.com/selenalaleyenda","verified_youtube_channel+channel_about_external_link","https://www.youtube.com/channel/UCZ-LXqc3x6vL5f8XQvEBVaA/about","95","verified","2026-08-16","2026-08-16"
"sergio vega el shaka","Sergio Vega El Shaka","facebook","https://www.facebook.com/1755964464634573","verified_spotify_mapping+wikidata_social_identifier","http://www.wikidata.org/entity/Q2273192","95","verified","2026-08-16","2026-08-16"
"sergio vega el shaka","Sergio Vega El Shaka","facebook","http://www.facebook.com/profile.php","verified_youtube_channel+channel_about_external_link","https://www.youtube.com/channel/UCzQF4TWf_sXhKKA3n1gX21A/about","95","verified","2026-08-16","2026-08-16"
"sin bandera","Sin Bandera","facebook","https://www.facebook.com/sinbanderaoficial","verified_musicbrainz_mapping+wikidata_social_identifier+verified_spotify_mapping","http://www.wikidata.org/entity/Q2893072","95","verified","2026-08-16","2026-08-16"
"sin bandera","Sin Bandera","facebook","http://facebook.com/sinbanderaoficial","verified_youtube_channel+channel_about_external_link","https://www.youtube.com/channel/UC74jt8Y_Yc5YRzJr6-Ipi9g/about","95","verified","2026-08-16","2026-08-16"
"sin bandera","Sin Bandera","instagram","https://www.instagram.com/sinbandera","verified_musicbrainz_mapping+wikidata_social_identifier+verified_spotify_mapping","http://www.wikidata.org/entity/Q2893072","95","verified","2026-08-16","2026-08-16"
"sin bandera","Sin Bandera","instagram","http://instagram.com/sinbandera","verified_youtube_channel+channel_about_external_link","https://www.youtube.com/channel/UC74jt8Y_Yc5YRzJr6-Ipi9g/about","95","verified","2026-08-16","2026-08-16"
"sin bandera","Sin Bandera","twitter","https://x.com/sinbandera","verified_musicbrainz_mapping+wikidata_social_identifier+verified_spotify_mapping","http://www.wikidata.org/entity/Q2893072","95","verified","2026-08-16","2026-08-16"
"sin bandera","Sin Bandera","twitter","http://twitter.com/sinbandera","verified_youtube_channel+channel_about_external_link","https://www.youtube.com/channel/UC74jt8Y_Yc5YRzJr6-Ipi9g/about","95","verified","2026-08-16","2026-08-16"
"sonora santanera","Sonora Santanera","facebook","https://www.facebook.com/SantaneraMx","verified_youtube_channel+channel_about_external_link","https://www.youtube.com/channel/UCyItDxH2x0pj_CJO7SKS-fQ/about","95","verified","2026-08-16","2026-08-16"
"sonora santanera","Sonora Santanera","instagram","https://www.instagram.com/santaneramx","verified_youtube_channel+channel_about_external_link","https://www.youtube.com/channel/UCyItDxH2x0pj_CJO7SKS-fQ/about","95","verified","2026-08-16","2026-08-16"
"sonora santanera","Sonora Santanera","tiktok","https://www.tiktok.com/@santaneramx","verified_youtube_channel+channel_about_external_link","https://www.youtube.com/channel/UCyItDxH2x0pj_CJO7SKS-fQ/about","95","verified","2026-08-16","2026-08-16"
"sonora santanera","Sonora Santanera","twitter","https://twitter.com/santaneramx","verified_youtube_channel+channel_about_external_link","https://www.youtube.com/channel/UCyItDxH2x0pj_CJO7SKS-fQ/about","95","verified","2026-08-16","2026-08-16"
"susy mouriz","Susy Mouriz","facebook","https://www.facebook.com/susymouriz","verified_youtube_channel+channel_about_external_link","https://www.youtube.com/channel/UC2Rh-eKkibnZq8pRxYYoSSQ/about","95","verified","2026-08-16","2026-08-16"
"susy mouriz","Susy Mouriz","instagram","https://instagram.com/susy_mouriz","verified_youtube_channel+channel_about_external_link","https://www.youtube.com/channel/UC2Rh-eKkibnZq8pRxYYoSSQ/about","95","verified","2026-08-16","2026-08-16"
"susy mouriz","Susy Mouriz","tiktok","https://www.tiktok.com/@susymourizz","verified_youtube_channel+channel_about_external_link","https://www.youtube.com/channel/UC2Rh-eKkibnZq8pRxYYoSSQ/about","95","verified","2026-08-16","2026-08-16"
"susy mouriz","Susy Mouriz","twitter","https://www.twitter.com/susymouriz","verified_youtube_channel+channel_about_external_link","https://www.youtube.com/channel/UC2Rh-eKkibnZq8pRxYYoSSQ/about","95","verified","2026-08-16","2026-08-16"
"t3r elemento","T3R Elemento","facebook","https://www.facebook.com/t3relemento","verified_youtube_channel+channel_about_external_link","https://www.youtube.com/channel/UCucxqba8ReybE6oIs9D1_sg/about","95","verified","2026-08-16","2026-08-16"
"t3r elemento","T3R Elemento","instagram","https://www.instagram.com/t3relementooficial","verified_youtube_channel+channel_about_external_link","https://www.youtube.com/channel/UCucxqba8ReybE6oIs9D1_sg/about","95","verified","2026-08-16","2026-08-16"
"t3r elemento","T3R Elemento","twitter","https://twitter.com/t3r_elemento","verified_youtube_channel+channel_about_external_link","https://www.youtube.com/channel/UCucxqba8ReybE6oIs9D1_sg/about","95","verified","2026-08-16","2026-08-16"
"thalia","Thalía","facebook","https://www.facebook.com/Thalia","verified_musicbrainz_mapping+wikidata_social_identifier+verified_spotify_mapping+verified_youtube_identity_mapping","http://www.wikidata.org/entity/Q171235","95","verified","2026-08-16","2026-08-16"
"thalia","Thalía","facebook","http://www.facebook.com/thalia","verified_youtube_channel+channel_about_external_link","https://www.youtube.com/channel/UCgyFSSvdNv3MC_atQPqM_XA/about","95","verified","2026-08-16","2026-08-16"
"thalia","Thalía","instagram","https://www.instagram.com/thalia","verified_musicbrainz_mapping+wikidata_social_identifier+verified_spotify_mapping+verified_youtube_identity_mapping","http://www.wikidata.org/entity/Q171235","95","verified","2026-08-16","2026-08-16"
"thalia","Thalía","instagram","http://www.instagram.com/thalia","verified_youtube_channel+channel_about_external_link","https://www.youtube.com/channel/UCgyFSSvdNv3MC_atQPqM_XA/about","95","verified","2026-08-16","2026-08-16"
"thalia","Thalía","tiktok","https://www.tiktok.com/@thalia","verified_musicbrainz_mapping+wikidata_social_identifier+verified_spotify_mapping+verified_youtube_identity_mapping","http://www.wikidata.org/entity/Q171235","95","verified","2026-08-16","2026-08-16"
"thalia","Thalía","tiktok","https://vm.tiktok.com/ZMRN4eN5q","verified_youtube_channel+channel_about_external_link","https://www.youtube.com/channel/UCgyFSSvdNv3MC_atQPqM_XA/about","95","verified","2026-08-16","2026-08-16"
"thalia","Thalía","twitter","https://x.com/thalia","verified_musicbrainz_mapping+wikidata_social_identifier+verified_spotify_mapping+verified_youtube_identity_mapping","http://www.wikidata.org/entity/Q171235","95","verified","2026-08-16","2026-08-16"
"thalia","Thalía","twitter","http://www.twitter.com/thalia","verified_youtube_channel+channel_about_external_link","https://www.youtube.com/channel/UCgyFSSvdNv3MC_atQPqM_XA/about","95","verified","2026-08-16","2026-08-16"
"timbiriche","Timbiriche","facebook","https://www.facebook.com/Timbiriche35Oficial","verified_musicbrainz_mapping+live_musicbrainz_url_relationship","","90","verified","2026-08-16","2026-08-16"
"timbiriche","Timbiriche","instagram","https://www.instagram.com/timbiriche_35","verified_musicbrainz_mapping+live_musicbrainz_url_relationship","","90","verified","2026-08-16","2026-08-16"
"timbiriche","Timbiriche","twitter","https://twitter.com/timbiriche_35","verified_musicbrainz_mapping+live_musicbrainz_url_relationship","","90","verified","2026-08-16","2026-08-16"
"tito double p","Tito Double P","facebook","https://www.facebook.com/p/Tito-Double-P-61550585180625","live_musicbrainz_relationship_manual_review","https://musicbrainz.org/artist/37316157-4e01-4ea8-b897-65a1a5a6bb30","90","verified","2026-08-16",""
"tito double p","Tito Double P","instagram","https://www.instagram.com/titodoublep","verified_youtube_channel+channel_about_external_link+live_musicbrainz_relationship_manual_review","https://www.youtube.com/channel/UCj1EfO3tUyVxOPnWlyKCBBQ/about | https://musicbrainz.org/artist/37316157-4e01-4ea8-b897-65a1a5a6bb30","95","verified","2026-08-16","2026-08-16"
"tito double p","Tito Double P","tiktok","https://www.tiktok.com/@titodoublep","verified_youtube_channel+channel_about_external_link+live_musicbrainz_relationship_manual_review","https://www.youtube.com/channel/UCj1EfO3tUyVxOPnWlyKCBBQ/about | https://musicbrainz.org/artist/37316157-4e01-4ea8-b897-65a1a5a6bb30","95","verified","2026-08-16","2026-08-16"
"tombochio","Tombochio","instagram","https://www.instagram.com/tombochio","verified_youtube_channel+channel_about_external_link","https://www.youtube.com/channel/UCDmxAfLQSlYHv-Cls7IfWSQ/about","95","verified","2026-08-16","2026-08-16"
"tono lizarraga","Toño Lizarraga","facebook","https://www.facebook.com/soytonolizarraga","verified_youtube_channel+channel_about_external_link","https://www.youtube.com/channel/UCxt6rgHfpaYIe93eNz2_H5g/about","95","verified","2026-08-16","2026-08-16"
"tono lizarraga","Toño Lizarraga","instagram","https://www.instagram.com/tonolizarraga1","verified_musicbrainz_mapping+wikidata_social_identifier+verified_spotify_mapping+verified_youtube_identity_mapping+verified_youtube_channel+channel_about_external_link","http://www.wikidata.org/entity/Q112796035 | https://www.youtube.com/channel/UCxt6rgHfpaYIe93eNz2_H5g/about","95","verified","2026-08-16","2026-08-16"
"tono lizarraga","Toño Lizarraga","tiktok","https://www.tiktok.com/@tonolizarraga1","verified_youtube_channel+channel_about_external_link","https://www.youtube.com/channel/UCxt6rgHfpaYIe93eNz2_H5g/about","95","verified","2026-08-16","2026-08-16"
"tono lizarraga","Toño Lizarraga","twitter","https://x.com/TonoLizarraga1","verified_musicbrainz_mapping+wikidata_social_identifier+verified_spotify_mapping+verified_youtube_identity_mapping","http://www.wikidata.org/entity/Q112796035","95","verified","2026-08-16","2026-08-16"
"tono lizarraga","Toño Lizarraga","twitter","https://twitter.com/TonoLizarraga1","verified_youtube_channel+channel_about_external_link","https://www.youtube.com/channel/UCxt6rgHfpaYIe93eNz2_H5g/about","95","verified","2026-08-16","2026-08-16"
"tony aguirre","Tony Aguirre","facebook","https://m.facebook.com/AguirreTonyOfficial","verified_youtube_channel+channel_about_external_link","https://www.youtube.com/channel/UCnnfWdg6R_rk8Fkjt8WOPDw/about","95","verified","2026-08-16","2026-08-16"
"tony aguirre","Tony Aguirre","instagram","https://www.instagram.com/tonyaguirreoficial","verified_youtube_channel+channel_about_external_link","https://www.youtube.com/channel/UCnnfWdg6R_rk8Fkjt8WOPDw/about","95","verified","2026-08-16","2026-08-16"
"tony aguirre","Tony Aguirre","tiktok","https://www.tiktok.com/@tonyaguirreoficial","verified_youtube_channel+channel_about_external_link","https://www.youtube.com/channel/UCnnfWdg6R_rk8Fkjt8WOPDw/about","95","verified","2026-08-16","2026-08-16"
"traviezoz de la zierra","Traviezoz de la Zierra","facebook","https://www.facebook.com/TraviezozTDLZ","verified_youtube_channel+channel_about_external_link","https://www.youtube.com/channel/UCtofJlTSfR945Mzhh3St-yQ/about","95","verified","2026-08-16","2026-08-16"
"traviezoz de la zierra","Traviezoz de la Zierra","instagram","http://instagram.com/traviezoz_official","verified_youtube_channel+channel_about_external_link","https://www.youtube.com/channel/UCtofJlTSfR945Mzhh3St-yQ/about","95","verified","2026-08-16","2026-08-16"
"traviezoz de la zierra","Traviezoz de la Zierra","tiktok","https://www.tiktok.com/@traviezoz_delazierra","verified_youtube_channel+channel_about_external_link","https://www.youtube.com/channel/UCtofJlTSfR945Mzhh3St-yQ/about","95","verified","2026-08-16","2026-08-16"
"ulices chaidez","Ulices Chaidez","facebook","https://www.facebook.com/UlicesChaidez1","verified_youtube_channel+channel_about_external_link","https://www.youtube.com/channel/UCuLNMuwin9kEj8E4kH4bFvg/about","95","verified","2026-08-16","2026-08-16"
"ulices chaidez","Ulices Chaidez","instagram","https://www.instagram.com/uliceschaidezoficial","verified_youtube_channel+channel_about_external_link","https://www.youtube.com/channel/UCuLNMuwin9kEj8E4kH4bFvg/about","95","verified","2026-08-16","2026-08-16"
"vagon chicano","Vagon Chicano","facebook","https://www.facebook.com/vagon-chicano-oficial-217517801635622","verified_youtube_channel+channel_about_external_link","https://www.youtube.com/channel/UCdpZhMcWlLxooEWuG5xqXDw/about","95","verified","2026-08-16","2026-08-16"
"valentin elizalde","Valentín Elizalde","facebook","https://www.facebook.com/ValentinElizaldeMusica","verified_youtube_channel+channel_about_external_link","https://www.youtube.com/channel/UCKnIITjitij24OHERpbQgUQ/about","95","verified","2026-08-16","2026-08-16"
"valentin elizalde","Valentín Elizalde","tiktok","https://www.tiktok.com/@tributoavalentinelizalde","verified_youtube_channel+channel_about_external_link","https://www.youtube.com/channel/UCKnIITjitij24OHERpbQgUQ/about","95","verified","2026-08-16","2026-08-16"
"vicente fernandez","Vicente Fernandez","facebook","https://www.facebook.com/VicenteFernandezOficial","verified_musicbrainz_mapping+wikidata_social_identifier+verified_spotify_mapping","http://www.wikidata.org/entity/Q119069","95","verified","2026-08-16","2026-08-16"
"vicente fernandez","Vicente Fernandez","facebook","http://www.facebook.com/VicenteFernandezOficial","verified_youtube_channel+channel_about_external_link","https://www.youtube.com/channel/UCwPTC2n6D8asyi1G5uBZlpw/about","95","verified","2026-08-16","2026-08-16"
"vicente fernandez","Vicente Fernandez","instagram","https://www.instagram.com/_vicentefdez","verified_youtube_channel+channel_about_external_link","https://www.youtube.com/channel/UCwPTC2n6D8asyi1G5uBZlpw/about","95","verified","2026-08-16","2026-08-16"
"vicente fernandez","Vicente Fernandez","tiktok","https://www.tiktok.com/@_vicentefdez","verified_youtube_channel+channel_about_external_link","https://www.youtube.com/channel/UCwPTC2n6D8asyi1G5uBZlpw/about","95","verified","2026-08-16","2026-08-16"
"vicente fernandez","Vicente Fernandez","twitter","https://x.com/_vicentefdez","verified_musicbrainz_mapping+wikidata_social_identifier+verified_spotify_mapping","http://www.wikidata.org/entity/Q119069","95","verified","2026-08-16","2026-08-16"
"vicente fernandez","Vicente Fernandez","twitter","http://www.twitter.com/_VicenteFdez","verified_youtube_channel+channel_about_external_link","https://www.youtube.com/channel/UCwPTC2n6D8asyi1G5uBZlpw/about","95","verified","2026-08-16","2026-08-16"
"victor cibrian","Victor Cibrian","instagram","https://www.instagram.com/victorcibrianofficial","verified_musicbrainz_mapping+wikidata_social_identifier","http://www.wikidata.org/entity/Q116780649","95","verified","2026-08-16","2026-08-16"
"victor cibrian","Victor Cibrian","tiktok","https://www.tiktok.com/@victorcibrian09","verified_musicbrainz_mapping+wikidata_social_identifier","http://www.wikidata.org/entity/Q116780649","95","verified","2026-08-16","2026-08-16"
"victor mendivil","Victor Mendivil","instagram","https://www.instagram.com/victor_mendivil_","artist_bio_and_management_email_secondary_viewer","https://www.pixnoy.com/ko/profile/victor_mendivil_/","70","review","2026-08-16",""
"victor rivera y su nuevo estilo","Victor Rivera Y Su Nuevo Estilo","instagram","https://www.instagram.com/victorrivera_oficial","verified_youtube_channel+channel_about_external_link","https://www.youtube.com/channel/UCGOzyHQMfh5AnoUmJY6s7lQ/about","95","verified","2026-08-16","2026-08-16"
"victor rivera y su nuevo estilo","Victor Rivera Y Su Nuevo Estilo","tiktok","https://www.tiktok.com/@victorriveraoficial1","verified_youtube_channel+channel_about_external_link","https://www.youtube.com/channel/UCGOzyHQMfh5AnoUmJY6s7lQ/about","95","verified","2026-08-16","2026-08-16"
"virlan garcia","Virlan Garcia","facebook","https://www.facebook.com/virlangarciaoficial","verified_youtube_channel+channel_about_external_link","https://www.youtube.com/channel/UCp0NgWBY-470Ik9J70WFgbA/about","95","verified","2026-08-16","2026-08-16"
"virlan garcia","Virlan Garcia","instagram","https://www.instagram.com/virlangarciaoficial","verified_youtube_channel+channel_about_external_link","https://www.youtube.com/channel/UCp0NgWBY-470Ik9J70WFgbA/about","95","verified","2026-08-16","2026-08-16"
"virlan garcia","Virlan Garcia","tiktok","https://www.tiktok.com/@virlangarciaoficial","verified_youtube_channel+channel_about_external_link","https://www.youtube.com/channel/UCp0NgWBY-470Ik9J70WFgbA/about","95","verified","2026-08-16","2026-08-16"
"voz de mando","Voz De Mando","facebook","https://www.facebook.com/VozDeMando","verified_musicbrainz_mapping+wikidata_social_identifier+verified_spotify_mapping+verified_youtube_identity_mapping","http://www.wikidata.org/entity/Q17319047","95","verified","2026-08-16","2026-08-16"
"voz de mando","Voz De Mando","instagram","https://www.instagram.com/grupovozdemando","verified_musicbrainz_mapping+wikidata_social_identifier+verified_spotify_mapping+verified_youtube_identity_mapping","http://www.wikidata.org/entity/Q17319047","95","verified","2026-08-16","2026-08-16"
"xavi","Xavi","facebook","https://www.facebook.com/xaviiiofficiall","verified_musicbrainz_mapping+wikidata_social_identifier+verified_spotify_mapping+verified_youtube_identity_mapping","http://www.wikidata.org/entity/Q124219723","95","verified","2026-08-16","2026-08-16"
"xavi","Xavi","facebook","https://www.facebook.com/Xavi-Oficial-110266897498107","verified_youtube_channel+channel_about_external_link","https://www.youtube.com/channel/UCx0lY_L_o5vFPQaLAdBasmQ/about","95","verified","2026-08-16","2026-08-16"
"xavi","Xavi","instagram","https://www.instagram.com/xaviiiofficiall","verified_musicbrainz_mapping+wikidata_social_identifier+verified_spotify_mapping+verified_youtube_identity_mapping+verified_youtube_channel+channel_about_external_link","http://www.wikidata.org/entity/Q124219723 | https://www.youtube.com/channel/UCx0lY_L_o5vFPQaLAdBasmQ/about","95","verified","2026-08-16","2026-08-16"
"xavi","Xavi","tiktok","https://www.tiktok.com/@xaviiiofficial","verified_youtube_channel+channel_about_external_link","https://www.youtube.com/channel/UCx0lY_L_o5vFPQaLAdBasmQ/about","95","verified","2026-08-16","2026-08-16"
"ximena sarinana","Ximena Sariñana","facebook","https://www.facebook.com/XimenaMusic","verified_musicbrainz_mapping+wikidata_social_identifier+verified_spotify_mapping+verified_youtube_identity_mapping","http://www.wikidata.org/entity/Q2982788","95","verified","2026-08-16","2026-08-16"
"ximena sarinana","Ximena Sariñana","facebook","http://www.facebook.com/XimenaMusic","verified_youtube_channel+channel_about_external_link","https://www.youtube.com/channel/UCtmN1HPuW1A-tv4mqSZsTjQ/about","95","verified","2026-08-16","2026-08-16"
"ximena sarinana","Ximena Sariñana","instagram","https://www.instagram.com/ximenamusic","verified_musicbrainz_mapping+wikidata_social_identifier+verified_spotify_mapping+verified_youtube_identity_mapping","http://www.wikidata.org/entity/Q2982788","95","verified","2026-08-16","2026-08-16"
"ximena sarinana","Ximena Sariñana","instagram","http://instagram.com/ximenamusic","verified_youtube_channel+channel_about_external_link","https://www.youtube.com/channel/UCtmN1HPuW1A-tv4mqSZsTjQ/about","95","verified","2026-08-16","2026-08-16"
"ximena sarinana","Ximena Sariñana","tiktok","https://www.tiktok.com/@ximenasarinanamusic","verified_musicbrainz_mapping+wikidata_social_identifier+verified_spotify_mapping+verified_youtube_identity_mapping","http://www.wikidata.org/entity/Q2982788","95","verified","2026-08-16","2026-08-16"
"ximena sarinana","Ximena Sariñana","twitter","https://x.com/ximenamusic","verified_musicbrainz_mapping+wikidata_social_identifier+verified_spotify_mapping+verified_youtube_identity_mapping","http://www.wikidata.org/entity/Q2982788","95","verified","2026-08-16","2026-08-16"
"ximena sarinana","Ximena Sariñana","twitter","https://twitter.com","verified_youtube_channel+channel_about_external_link","https://www.youtube.com/channel/UCtmN1HPuW1A-tv4mqSZsTjQ/about","95","verified","2026-08-16","2026-08-16"
"yahritza y su esencia","Yahritza Y Su Esencia","facebook","https://www.facebook.com/YahritzaYSuEsencia","verified_musicbrainz_mapping+wikidata_social_identifier+verified_spotify_mapping+verified_youtube_identity_mapping","http://www.wikidata.org/entity/Q111666294","95","verified","2026-08-16","2026-08-16"
"yahritza y su esencia","Yahritza Y Su Esencia","instagram","https://www.instagram.com/yahritzaysuesencia","verified_musicbrainz_mapping+wikidata_social_identifier+verified_spotify_mapping+verified_youtube_identity_mapping","http://www.wikidata.org/entity/Q111666294","95","verified","2026-08-16","2026-08-16"
"yahritza y su esencia","Yahritza Y Su Esencia","tiktok","https://www.tiktok.com/@yahritzaysuesencia","verified_musicbrainz_mapping+wikidata_social_identifier+verified_spotify_mapping+verified_youtube_identity_mapping","http://www.wikidata.org/entity/Q111666294","95","verified","2026-08-16","2026-08-16"
"yahritza y su esencia","Yahritza Y Su Esencia","twitter","https://x.com/Yahritza_YSE","verified_musicbrainz_mapping+wikidata_social_identifier+verified_spotify_mapping+verified_youtube_identity_mapping","http://www.wikidata.org/entity/Q111666294","95","verified","2026-08-16","2026-08-16"
"yolo aventuras","Yolo Aventuras","facebook","https://www.facebook.com/capitanyolotroll","verified_youtube_channel+channel_about_external_link","https://www.youtube.com/channel/UCOnIJiQuk1fDSp6p1GCZy3A/about","95","verified","2026-08-16","2026-08-16"
"yosoymatt","YoSoyMatt","instagram","https://www.instagram.com/yosoymatt","verified_youtube_channel+channel_about_external_link","https://www.youtube.com/channel/UCaR3kpFTNAEkqjyg_3AikZQ/about","95","verified","2026-08-16","2026-08-16"
"yosoymatt","YoSoyMatt","twitter","https://twitter.com/matiu","verified_youtube_channel+channel_about_external_link","https://www.youtube.com/channel/UCaR3kpFTNAEkqjyg_3AikZQ/about","95","verified","2026-08-16","2026-08-16"
"ysrael barajas","Ysrael Barajas","instagram","https://www.instagram.com","verified_youtube_channel+channel_about_external_link","https://www.youtube.com/channel/UCsnA_GroO05pJqrOavr4c1w/about","95","verified","2026-08-16","2026-08-16"
"yuri","Yuri","facebook","https://www.facebook.com/YuriOficial","verified_musicbrainz_mapping+wikidata_social_identifier+verified_spotify_mapping","http://www.wikidata.org/entity/Q2508214","95","verified","2026-08-16","2026-08-16"
"yuri","Yuri","facebook","http://www.facebook.com/pages/Yuri/170009773260","verified_youtube_channel+channel_about_external_link","https://www.youtube.com/channel/UCN36U8z7COZKbkHHVVuH--Q/about","95","verified","2026-08-16","2026-08-16"
"yuri","Yuri","instagram","https://www.instagram.com/oficialyuri","verified_musicbrainz_mapping+wikidata_social_identifier+verified_spotify_mapping+verified_youtube_channel+channel_about_external_link","http://www.wikidata.org/entity/Q2508214 | https://www.youtube.com/channel/UCN36U8z7COZKbkHHVVuH--Q/about","95","verified","2026-08-16","2026-08-16"
"yuri","Yuri","twitter","https://x.com/oficialyuri","verified_musicbrainz_mapping+wikidata_social_identifier+verified_spotify_mapping","http://www.wikidata.org/entity/Q2508214","95","verified","2026-08-16","2026-08-16"
"yuri","Yuri","twitter","http://twitter.com/oficialyuri","verified_youtube_channel+channel_about_external_link","https://www.youtube.com/channel/UCN36U8z7COZKbkHHVVuH--Q/about","95","verified","2026-08-16","2026-08-16"
"yuridia","Yuridia","facebook","https://www.facebook.com/846154942064099","verified_musicbrainz_mapping+wikidata_social_identifier+verified_spotify_mapping+verified_youtube_identity_mapping","http://www.wikidata.org/entity/Q2352901","95","verified","2026-08-16","2026-08-16"
"yuridia","Yuridia","facebook","https://www.facebook.com/yuritaflowers","verified_youtube_channel+channel_about_external_link","https://www.youtube.com/channel/UCrkMQGSWGoNokFc0vKfciKA/about","95","verified","2026-08-16","2026-08-16"
"yuridia","Yuridia","instagram","https://www.instagram.com/yuritaflowers","verified_musicbrainz_mapping+wikidata_social_identifier+verified_spotify_mapping+verified_youtube_identity_mapping+verified_youtube_channel+channel_about_external_link","http://www.wikidata.org/entity/Q2352901 | https://www.youtube.com/channel/UCrkMQGSWGoNokFc0vKfciKA/about","95","verified","2026-08-16","2026-08-16"
"yuridia","Yuridia","tiktok","https://www.tiktok.com/@yuritababy","verified_youtube_channel+channel_about_external_link","https://www.youtube.com/channel/UCrkMQGSWGoNokFc0vKfciKA/about","95","verified","2026-08-16","2026-08-16"
"yuridia","Yuridia","twitter","https://x.com/yuridiaweb","verified_musicbrainz_mapping+wikidata_social_identifier+verified_spotify_mapping+verified_youtube_identity_mapping","http://www.wikidata.org/entity/Q2352901","95","verified","2026-08-16","2026-08-16"
"yuridia","Yuridia","twitter","https://x.com/yuritaflowers","verified_youtube_channel+channel_about_external_link","https://www.youtube.com/channel/UCrkMQGSWGoNokFc0vKfciKA/about","95","verified","2026-08-16","2026-08-16"
